日付,時間,北海道,東北,東京,中部,北陸,関西,中国,四国,九州
2024-06-17,15:00~18:00,,,2 1,,,,,,
2024-07-08,15:00~18:00,,,2 1,,,,,,
2024-07-08,16:30~19:30,,,,2 1,,2 1,2 1,,
2024-07-08,17:00~20:00,,,,,2 1,,,,
2024-07-29,16:00~19:00,,,2 1,,,,,,
2024-07-30,16:30~19:30,,,2 1,,,,,,
2024-07-31,11:00~14:00,,,2 1,,,,,,
2024-08-02,17:30~20:00,,,,,,,,,2
2024-08-05,13:30~16:30,,,2 1,,,,,,
2024-08-22,17:00~20:00,,,,,,,,,1
2024-08-23,17:00~20:00,,,,,,2,,2,2
2024-08-26,17:00~20:00,,,,2 1,2 1,1,2,1 2,1
2024-09-09,16:30~19:30,,,,2,,2,1 2,1,
2024-09-10,16:00~19:00,,2 1,2 1,1 2,,,,,2
2024-09-11,14:00~17:00,1,,,,,,,,
2024-09-11,14:30~17:30,,,1,,,,,,
2024-09-11,15:00~18:00,,,,,,,1,,
2024-09-11,15:30~18:30,,2 1,2,,,,,,
2024-09-11,16:00~19:00,,,,,2,,,2,
2024-09-12,15:00~18:00,,,,,,1,,1,
2024-09-12,15:30~18:30,,,1,1 2,1 2,,,,1 2
2024-09-12,16:00~19:00,,,2,,,,,,
2024-09-12,16:30~19:30,,2 1,,,,2,2 1,2,
2024-09-13,16:00~19:00,,2 1,,1 2,1 2,,,,
2024-09-13,16:30~19:30,,,,,,1 2,,1,1
2024-09-17,16:30~19:30,,,,,,,2,,2
2024-09-17,17:00~20:00,,,,,1,,,2,
2024-09-18,14:00~17:00,,,,,2,,,,
2024-09-18,15:30~18:30,,2,,,,1 2,1,1,1
2024-09-18,16:00~19:00,,1,1 2,1 2,1,,2,2,2
2024-09-19,15:30~18:30,,,,1 2,2 1,1 2,1 2,1 2,1 2
2024-09-20,15:30~18:30,,,,1 2,2 1,1 2,1 2,1 2,1 2
