H,電力需給調整力取引所取引結果,対象年月,商品区分,ブロック数
P,速報値,202411,複合商品,8
TT,取引情報,北海道,東北,東京,中部,北陸,関西,中国,四国,九州,合計
20241101B01,募集量（TSO別）[MW],220,504,1233,305,163,784,341,134,346,4030
20241101B01,応札量合計（電源属地別）[MW],343.99,600.67,319.883,0,163,597,397.119,123,342.99,2887.652
20241101B01,落札量合計（電源属地別）[MW],268,600.67,319.883,0,163,597,300,123,341,2712.553
20241101B01,応札件数（電源属地別）[件],4,4,6,0,1,4,6,4,3,32
20241101B01,落札件数（電源属地別）[件],3,4,6,0,1,4,6,4,2,30
20241101B01,最高落札価格（電源属地別）[円/kW・30分],6.81,19,4.98,0,0.34,7.26,1.05,0.63,4.9,19
20241101B01,最低落札価格（電源属地別）[円/kW・30分],2.16,2.03,0.34,0,0.34,0.34,0.34,0.34,4.71,0.34
20241101B01,平均落札価格（電源属地別）[円/kW・30分],4.73,4.06,1.82,0,0.34,2.91,0.63,0.4,4.75,2.93
20241101B01,最高落札価格（TSO別）[円/kW・30分],6.81,19,4.98,0,0.34,7.26,1.05,0.63,4.9,19
20241101B01,最低落札価格（TSO別）[円/kW・30分],2.16,2.03,0.34,0,0.34,0.34,0.34,0.34,4.71,0.34
20241101B01,平均落札価格（TSO別）[円/kW・30分],4.73,4.06,1.82,0,0.34,2.61,0.65,0.4,4.75,2.93
20241101B01,落札量合計（TSO別）[MW],268,600.67,319.883,0,142,682,236,123,341,2712.553
20241101B01,（内訳）自エリアからの落札量[MW],268,600.67,319.883,0,142,597,236,123,341,2627.553
20241101B02,募集量（TSO別）[MW],217,487,1187,298,147,759,341,130,343,3909
20241101B02,応札量合計（電源属地別）[MW],388.3,600.67,537.883,0,147,597,397.119,113,342.99,3123.962
20241101B02,落札量合計（電源属地別）[MW],283,600.67,537.883,0,147,597,327,113,341,2946.553
20241101B02,応札件数（電源属地別）[件],4,4,7,0,1,4,6,4,3,33
20241101B02,落札件数（電源属地別）[件],3,4,7,0,1,4,6,4,2,31
20241101B02,最高落札価格（電源属地別）[円/kW・30分],6.25,19,5.61,0,0.34,6.22,1.72,0.85,4,19
20241101B02,最低落札価格（電源属地別）[円/kW・30分],3,2.05,0.34,0,0.34,0.34,0.34,0.34,3.8,0.34
20241101B02,平均落札価格（電源属地別）[円/kW・30分],4.81,4.09,3.46,0,0.34,2.56,1.06,0.46,3.95,3.06
20241101B02,最高落札価格（TSO別）[円/kW・30分],6.25,19,5.61,0,0.34,6.22,1.72,0.85,4,19
20241101B02,最低落札価格（TSO別）[円/kW・30分],3,2.05,0.34,0,0.34,0.34,0.34,0.34,3.8,0.34
20241101B02,平均落札価格（TSO別）[円/kW・30分],4.81,4.54,3.35,0,0.34,2.46,1.03,0.46,3.95,3.06
20241101B02,落札量合計（TSO別）[MW],283,417.67,720.883,0,144,645,282,113,341,2946.553
20241101B02,（内訳）自エリアからの落札量[MW],283,417.67,537.883,0,144,597,282,113,341,2715.553
20241101B03,募集量（TSO別）[MW],326,1014,1620,668,203,844,561,193,786,6215
20241101B03,応札量合計（電源属地別）[MW],395.29,600.67,786.692,0,203,597,541.869,158,516.99,3799.511
20241101B03,落札量合計（電源属地別）[MW],351.29,600.67,786.692,0,203,597,496.939,158,515,3708.591
20241101B03,応札件数（電源属地別）[件],5,4,9,0,2,4,7,4,4,39
20241101B03,落札件数（電源属地別）[件],5,4,9,0,2,4,7,4,3,38
20241101B03,最高落札価格（電源属地別）[円/kW・30分],17.53,19,5.61,0,1.76,6.74,1.78,1.01,3.39,19
20241101B03,最低落札価格（電源属地別）[円/kW・30分],1.96,2.07,0.34,0,0.76,0.34,0.34,0.34,0.34,0.34
20241101B03,平均落札価格（電源属地別）[円/kW・30分],6.73,4.12,4.36,0,1.06,2.76,1.31,0.47,2.94,3.34
20241101B03,最高落札価格（TSO別）[円/kW・30分],17.53,19,5.61,0,1.76,6.74,1.78,1.01,3.39,19
20241101B03,最低落札価格（TSO別）[円/kW・30分],1.96,0.34,0.34,0,0.76,0.34,0.34,0.34,0.34,0.34
20241101B03,平均落札価格（TSO別）[円/kW・30分],6.73,4.12,4.42,0,1.12,3.12,1.17,0.56,2.35,3.34
20241101B03,落札量合計（TSO別）[MW],351.29,770.67,616.692,0,169,524.8,469.939,94.2,712,3708.591
20241101B03,（内訳）自エリアからの落札量[MW],351.29,600.67,616.692,0,169,490.8,430.939,94.2,515,3268.591
20241101B04,募集量（TSO別）[MW],392,949,2429,880,301,1151,698,374,899,8073
20241101B04,応札量合計（電源属地別）[MW],290.29,600.67,901.913,0,301,597,398.259,249,899,4237.132
20241101B04,落札量合計（電源属地別）[MW],288.3,600.67,901.913,0,301,597,398.259,249,826,4162.142
20241101B04,応札件数（電源属地別）[件],5,4,8,0,2,4,6,6,6,41
20241101B04,落札件数（電源属地別）[件],4,4,8,0,2,4,6,6,6,40
20241101B04,最高落札価格（電源属地別）[円/kW・30分],17.29,19,5.61,0,1.3,10.18,1.38,6.34,8.09,19
20241101B04,最低落札価格（電源属地別）[円/kW・30分],0.8,2.49,0.34,0,0.34,0.34,0.34,0.34,0.34,0.34
20241101B04,平均落札価格（電源属地別）[円/kW・30分],4.57,4.65,4.59,0,0.71,4,0.94,0.98,4.15,3.58
20241101B04,最高落札価格（TSO別）[円/kW・30分],17.29,19,5.61,0,1.3,10.18,1.38,6.34,8.09,19
20241101B04,最低落札価格（TSO別）[円/kW・30分],0.8,0.34,0.34,0,0.34,0.34,0.34,0.34,0.34,0.34
20241101B04,平均落札価格（TSO別）[円/kW・30分],4.57,4.33,5,0,0.74,4.02,0.9,0.98,4.15,3.58
20241101B04,落札量合計（TSO別）[MW],288.3,854.683,647.9,0,280,593,423.259,249,826,4162.142
20241101B04,（内訳）自エリアからの落札量[MW],288.3,600.67,647.9,0,280,572,398.259,249,826,3862.129
20241101B05,募集量（TSO別）[MW],347,981,2233,763,251,1054,508,314,836,7287
20241101B05,応札量合計（電源属地別）[MW],280.3,430.67,509.946,0,251,597,326.724,170,837.99,3403.63
20241101B05,落札量合計（電源属地別）[MW],280.3,430.67,509.946,0,251,597,326.724,170,758,3323.64
20241101B05,応札件数（電源属地別）[件],4,3,5,0,2,4,5,5,7,35
20241101B05,落札件数（電源属地別）[件],4,3,5,0,2,4,5,5,5,33
20241101B05,最高落札価格（電源属地別）[円/kW・30分],15.28,19,5.61,0,1.8,9.91,0.94,2.26,7.19,19
20241101B05,最低落札価格（電源属地別）[円/kW・30分],1.47,1.52,0.34,0,0.8,0.34,0.34,0.34,0.34,0.34
20241101B05,平均落札価格（電源属地別）[円/kW・30分],4.24,4.1,5.14,0,1.12,3.9,0.66,0.72,4,3.48
20241101B05,最高落札価格（TSO別）[円/kW・30分],15.28,19,5.61,0,1.8,9.91,0.94,2.26,7.19,19
20241101B05,最低落札価格（TSO別）[円/kW・30分],1.47,1.52,0.34,0,0.8,0.34,0.34,0.34,0.34,0.34
20241101B05,平均落札価格（TSO別）[円/kW・30分],4.24,4.1,5.14,0,1.1,4.04,0.63,0.72,4,3.48
20241101B05,落札量合計（TSO別）[MW],280.3,430.67,509.946,0,230,579.8,364.954,169.97,758,3323.64
20241101B05,（内訳）自エリアからの落札量[MW],280.3,430.67,509.946,0,230,558.8,326.724,169.97,758,3264.41
20241101B06,募集量（TSO別）[MW],240,822,1349,477,164,874,443,244,668,5281
20241101B06,応札量合計（電源属地別）[MW],241.29,600.67,73.8,0,164,597,470.334,184,103.74,2434.834
20241101B06,落札量合計（電源属地別）[MW],186.29,600.67,73.8,0,164,597,463.8,184,101.75,2371.31
20241101B06,応札件数（電源属地別）[件],4,4,1,0,1,4,6,6,4,30
20241101B06,落札件数（電源属地別）[件],4,4,1,0,1,4,6,6,3,29
20241101B06,最高落札価格（電源属地別）[円/kW・30分],19.51,19,4.37,0,5.65,6.85,5.11,4.86,5.14,19.51
20241101B06,最低落札価格（電源属地別）[円/kW・30分],3.51,2.34,4.37,0,5.65,2.58,2.58,0.34,3.53,0.34
20241101B06,平均落札価格（電源属地別）[円/kW・30分],8.35,2.99,4.37,0,5.65,4.24,4.41,2.12,4.01,4.21
20241101B06,最高落札価格（TSO別）[円/kW・30分],19.51,19,4.37,0,5.65,6.85,5.11,4.86,5.14,19.51
20241101B06,最低落札価格（TSO別）[円/kW・30分],3.51,2.34,4.37,0,5.65,2.58,2.58,0.34,0.34,0.34
20241101B06,平均落札価格（TSO別）[円/kW・30分],8.35,2.99,4.37,0,5.65,4.57,4.2,1.85,3.94,4.21
20241101B06,落札量合計（TSO別）[MW],186.29,600.67,73.8,0,148,523.8,346,152,340.75,2371.31
20241101B06,（内訳）自エリアからの落札量[MW],186.29,600.67,73.8,0,148,507.8,314,152,101.75,2084.31
20241101B07,募集量（TSO別）[MW],241,560,1195,321,145,798,365,135,364,4124
20241101B07,応札量合計（電源属地別）[MW],232.29,600.67,96.116,0,145,597,470.889,118,101.99,2361.955
20241101B07,落札量合計（電源属地別）[MW],180.3,600.67,96.116,0,145,597,470.889,118,100,2307.975
20241101B07,応札件数（電源属地別）[件],4,4,2,0,1,4,6,5,3,29
20241101B07,落札件数（電源属地別）[件],3,4,2,0,1,4,6,5,2,27
20241101B07,最高落札価格（電源属地別）[円/kW・30分],19.51,19,4.29,0,3.46,6.38,3.71,4.57,3.01,19.51
20241101B07,最低落札価格（電源属地別）[円/kW・30分],3.64,2.61,0.34,0,3.46,1.41,1.26,0.34,1.56,0.34
20241101B07,平均落札価格（電源属地別）[円/kW・30分],8.41,3,3.6,0,3.46,3.36,3.04,3.5,1.98,3.56
20241101B07,最高落札価格（TSO別）[円/kW・30分],19.51,19,4.29,0,3.46,6.38,3.71,4.57,3.63,19.51
20241101B07,最低落札価格（TSO別）[円/kW・30分],3.64,2.61,0.34,0,3.46,1.26,1.26,0.34,1.26,0.34
20241101B07,平均落札価格（TSO別）[円/kW・30分],8.41,3.04,3.16,0,3.46,3.29,3.06,3.5,2.7,3.56
20241101B07,落札量合計（TSO別）[MW],180.3,481.67,215.116,0,140,636.117,314,118,222.772,2307.975
20241101B07,（内訳）自エリアからの落札量[MW],180.3,481.67,96.116,0,140,597,314,118,100,2027.086
20241101B08,募集量（TSO別）[MW],246,559,1436,332,152,793,352,142,375,4387
20241101B08,応札量合計（電源属地別）[MW],413.29,600.67,187.665,0,152,697,470.889,128,376.99,3026.504
20241101B08,落札量合計（電源属地別）[MW],301,600.67,187.665,0,152,639,322,128,375,2705.335
20241101B08,応札件数（電源属地別）[件],5,4,5,0,1,5,6,3,4,33
20241101B08,落札件数（電源属地別）[件],3,4,5,0,1,5,6,3,3,30
20241101B08,最高落札価格（電源属地別）[円/kW・30分],6.23,19,1.12,0,0.53,5.67,1.49,1.14,3.74,19
20241101B08,最低落札価格（電源属地別）[円/kW・30分],3.03,1.52,0.34,0,0.53,0.34,0.34,0.34,0.42,0.34
20241101B08,平均落札価格（電源属地別）[円/kW・30分],4.74,2.89,0.65,0,0.53,2.25,1.03,0.5,3.37,2.39
20241101B08,最高落札価格（TSO別）[円/kW・30分],6.23,19,1.12,0,0.53,5.67,1.49,1.14,3.74,19
20241101B08,最低落札価格（TSO別）[円/kW・30分],3.03,1.52,0.34,0,0.53,0.34,0.34,0.34,0.42,0.34
20241101B08,平均落札価格（TSO別）[円/kW・30分],4.74,2.89,0.65,0,0.53,2.21,1.03,0.5,3.37,2.39
20241101B08,落札量合計（TSO別）[MW],301,600.67,187.665,0,135,656,322,128,375,2705.335
20241101B08,（内訳）自エリアからの落札量[MW],301,600.67,187.665,0,135,639,322,128,375,2688.335
20241102B01,募集量（TSO別）[MW],220,504,1233,470,163,777,340,134,499,4340
20241102B01,応札量合計（電源属地別）[MW],343.99,590,74.9,0,163,598,470.889,123,500.99,2864.769
20241102B01,落札量合計（電源属地別）[MW],268,590,74.9,0,163,598,340.912,77.088,428.99,2540.89
20241102B01,応札件数（電源属地別）[件],4,3,1,0,1,4,6,3,6,28
20241102B01,落札件数（電源属地別）[件],3,3,1,0,1,4,6,3,6,27
20241102B01,最高落札価格（電源属地別）[円/kW・30分],6.58,5.49,1.12,0,0.34,5.51,1.56,0.87,19.5,19.5
20241102B01,最低落札価格（電源属地別）[円/kW・30分],2.05,2.37,1.12,0,0.34,0.34,0.34,0.34,0.34,0.34
20241102B01,平均落札価格（電源属地別）[円/kW・30分],4.76,4,1.12,0,0.34,2.21,1.04,0.54,3.36,2.73
20241102B01,最高落札価格（TSO別）[円/kW・30分],6.58,5.49,1.12,0,0.34,5.51,1.56,1.07,19.5,19.5
20241102B01,最低落札価格（TSO別）[円/kW・30分],2.05,2.37,1.12,0,0.34,0.34,0.34,0.34,0.34,0.34
20241102B01,平均落札価格（TSO別）[円/kW・30分],4.76,4,1.12,0,0.34,2.05,1.11,0.58,3.36,2.73
20241102B01,落札量合計（TSO別）[MW],268,590,74.9,0,142,679,235,123,428.99,2540.89
20241102B01,（内訳）自エリアからの落札量[MW],268,590,74.9,0,142,586,235,77.088,428.99,2401.978
20241102B02,募集量（TSO別）[MW],217,487,1187,424,147,754,340,130,487,4173
20241102B02,応札量合計（電源属地別）[MW],388.3,600.67,397.4,0,147,598,470.889,113,488.99,3204.249
20241102B02,落札量合計（電源属地別）[MW],283,600.67,397.4,0,147,598,340.912,95.088,424.99,2887.06
20241102B02,応札件数（電源属地別）[件],4,4,4,0,1,4,6,2,6,31
20241102B02,落札件数（電源属地別）[件],3,4,4,0,1,4,6,2,6,30
20241102B02,最高落札価格（電源属地別）[円/kW・30分],6.17,19,4.26,0,0.34,5.35,2.13,1.06,19.5,19.5
20241102B02,最低落札価格（電源属地別）[円/kW・30分],2.59,2.46,1.12,0,0.34,0.34,0.34,0.34,0.34,0.34
20241102B02,平均落札価格（電源属地別）[円/kW・30分],4.82,4.37,3.67,0,0.34,2.17,1.43,0.77,4.4,3.19
20241102B02,最高落札価格（TSO別）[円/kW・30分],6.17,19,4.26,4.26,0.34,5.35,2.13,2.06,19.5,19.5
20241102B02,最低落札価格（TSO別）[円/kW・30分],2.59,2.46,1.12,4.26,0.34,0.34,0.34,0.34,0.34,0.34
20241102B02,平均落札価格（TSO別）[円/kW・30分],4.82,4.37,3.64,4.26,0.34,2.13,1.44,0.75,4.4,3.19
20241102B02,落札量合計（TSO別）[MW],283,600.67,379.4,18,144,643,281,113,424.99,2887.06
20241102B02,（内訳）自エリアからの落札量[MW],283,600.67,379.4,0,144,584,281,95.088,424.99,2792.148
20241102B03,募集量（TSO別）[MW],326,1014,1620,1029,203,839,560,193,787,6571
20241102B03,応札量合計（電源属地別）[MW],395.29,350.67,534.9,0,203,598,470.889,158,788.99,3499.739
20241102B03,落札量合計（電源属地別）[MW],351.29,350.67,534.9,0,203,598,406.279,158,694.99,3297.129
20241102B03,応札件数（電源属地別）[件],5,3,4,0,2,4,6,3,7,34
20241102B03,落札件数（電源属地別）[件],5,3,4,0,2,4,6,3,6,33
20241102B03,最高落札価格（電源属地別）[円/kW・30分],16.36,19,4.26,0,0.68,5.16,2.61,0.87,19.5,19.5
20241102B03,最低落札価格（電源属地別）[円/kW・30分],1.96,2.69,1.12,0,0.34,0.34,0.34,0.34,0.34,0.34
20241102B03,平均落札価格（電源属地別）[円/kW・30分],6.62,3.74,3.82,0,0.44,2.1,1.88,0.59,6.32,3.72
20241102B03,最高落札価格（TSO別）[円/kW・30分],16.36,19,4.26,0,0.68,5.16,2.61,0.87,19.5,19.5
20241102B03,最低落札価格（TSO別）[円/kW・30分],1.96,2.69,1.12,0,0.34,0.34,0.34,0.34,0.34,0.34
20241102B03,平均落札価格（TSO別）[円/kW・30分],6.62,3.8,3.78,0,0.46,2.11,1.74,0.59,6.32,3.72
20241102B03,落札量合計（TSO別）[MW],351.29,393.67,491.9,0,169,592,446.279,158,694.99,3297.129
20241102B03,（内訳）自エリアからの落札量[MW],351.29,350.67,491.9,0,169,558,406.279,157,694.99,3179.129
20241102B04,募集量（TSO別）[MW],392,949,2504,1241,301,1149,697,374,923,8530
20241102B04,応札量合計（電源属地別）[MW],290.29,350.67,824.9,0,301,598,399.354,349,923,4036.214
20241102B04,落札量合計（電源属地別）[MW],288.3,350.67,824.9,0,301,598,399.354,349,830,3941.224
20241102B04,応札件数（電源属地別）[件],5,3,5,0,2,4,5,4,6,34
20241102B04,落札件数（電源属地別）[件],4,3,5,0,2,4,5,4,6,33
20241102B04,最高落札価格（電源属地別）[円/kW・30分],16.17,19,4.26,0,1.02,7.49,3.54,0.63,13.13,19
20241102B04,最低落札価格（電源属地別）[円/kW・30分],0.34,3.04,1.12,0,0.34,0.34,0.57,0.34,0.34,0.34
20241102B04,平均落札価格（電源属地別）[円/kW・30分],6.94,4.01,3.97,0,0.6,2.85,2.7,0.42,6.61,3.88
20241102B04,最高落札価格（TSO別）[円/kW・30分],16.17,19,4.26,0,1.02,7.49,3.54,0.63,13.13,19
20241102B04,最低落札価格（TSO別）[円/kW・30分],0.34,3.04,1.12,0,0.34,0.34,0.34,0.34,0.34,0.34
20241102B04,平均落札価格（TSO別）[円/kW・30分],6.94,4.09,3.9,0,0.62,2.88,2.54,0.42,6.61,3.88
20241102B04,落札量合計（TSO別）[MW],288.3,522.67,652.9,0,280,589.62,428.734,349,830,3941.224
20241102B04,（内訳）自エリアからの落札量[MW],288.3,350.67,652.9,0,280,568.62,399.354,349,830,3718.844
20241102B05,募集量（TSO別）[MW],347,981,2279,1124,251,1049,507,314,856,7708
20241102B05,応札量合計（電源属地別）[MW],280.3,350.67,387.5,0,251,598,399.354,270,857.99,3394.814
20241102B05,落札量合計（電源属地別）[MW],280.3,350.67,387.5,0,251,598,399.354,270,771.99,3308.814
20241102B05,応札件数（電源属地別）[件],4,3,2,0,2,4,5,5,7,32
20241102B05,落札件数（電源属地別）[件],4,3,2,0,2,4,5,5,7,32
20241102B05,最高落札価格（電源属地別）[円/kW・30分],17.73,19,4.26,0,1.18,6.62,3.8,0.93,19.5,19.5
20241102B05,最低落札価格（電源属地別）[円/kW・30分],0.85,2.49,4.26,0,0.34,0.34,0.85,0.34,0.34,0.34
20241102B05,平均落札価格（電源属地別）[円/kW・30分],7.17,3.23,4.26,0,0.61,2.57,2.96,0.52,7.09,4.01
20241102B05,最高落札価格（TSO別）[円/kW・30分],17.73,19,4.26,0,1.18,6.62,3.8,0.93,19.5,19.5
20241102B05,最低落札価格（TSO別）[円/kW・30分],0.85,2.49,4.26,0,0.34,0.34,0.34,0.34,0.34,0.34
20241102B05,平均落札価格（TSO別）[円/kW・30分],7.17,3.23,4.26,0,0.59,2.51,2.87,0.53,7.09,4.01
20241102B05,落札量合計（TSO別）[MW],280.3,350.67,387.5,0,230,619,413.374,255.98,771.99,3308.814
20241102B05,（内訳）自エリアからの落札量[MW],280.3,350.67,387.5,0,230,598,399.354,255.98,771.99,3273.794
20241102B06,募集量（TSO別）[MW],240,822,1415,695,164,867,442,244,726,5615
20241102B06,応札量合計（電源属地別）[MW],406.29,600.67,80.3,0,164,598,470.889,190,729.74,3239.889
20241102B06,落札量合計（電源属地別）[MW],302.99,600.67,80.3,0,164,598,314.279,180,678.99,2919.229
20241102B06,応札件数（電源属地別）[件],5,4,2,0,1,4,6,5,7,34
20241102B06,落札件数（電源属地別）[件],4,4,2,0,1,4,6,5,6,32
20241102B06,最高落札価格（電源属地別）[円/kW・30分],7.21,19,7.21,0,1.21,5.92,3.66,5.79,19.5,19.5
20241102B06,最低落札価格（電源属地別）[円/kW・30分],4.01,1.12,2.69,0,1.21,0.73,0.68,0.34,0.34,0.34
20241102B06,平均落札価格（電源属地別）[円/kW・30分],4.57,2.75,3.53,0,1.21,2.65,2.74,1.84,4.25,3.15
20241102B06,最高落札価格（TSO別）[円/kW・30分],7.21,19,7.21,0,1.21,5.92,3.66,5.79,19.5,19.5
20241102B06,最低落札価格（TSO別）[円/kW・30分],4.01,1.12,2.69,0,1.21,0.73,0.68,0.34,0.34,0.34
20241102B06,平均落札価格（TSO別）[円/kW・30分],4.52,2.83,3.53,0,1.21,2.84,2.55,1.67,4.25,3.15
20241102B06,落札量合計（TSO別）[MW],285.99,617.67,80.3,0,148,546,346.279,216,678.99,2919.229
20241102B06,（内訳）自エリアからの落札量[MW],285.99,600.67,80.3,0,148,530,314.279,180,678.99,2818.229
20241102B07,募集量（TSO別）[MW],241,560,1271,466,145,791,364,135,542,4515
20241102B07,応札量合計（電源属地別）[MW],402.29,600.67,79.3,0,145,598,326.139,126,543.99,2821.389
20241102B07,落札量合計（電源属地別）[MW],294,600.67,79.3,0,145,598,326.139,126,487.99,2657.099
20241102B07,応札件数（電源属地別）[件],5,4,2,0,1,4,5,4,5,30
20241102B07,落札件数（電源属地別）[件],3,4,2,0,1,4,5,4,5,28
20241102B07,最高落札価格（電源属地別）[円/kW・30分],5.88,19,7.21,0,0.69,5.74,2.74,2.16,19.5,19.5
20241102B07,最低落札価格（電源属地別）[円/kW・30分],3.93,1.66,2.38,0,0.69,0.34,0.34,0.34,0.34,0.34
20241102B07,平均落札価格（電源属地別）[円/kW・30分],4.52,3.01,3.29,0,0.69,2.31,1.82,1.49,3.96,2.86
20241102B07,最高落札価格（TSO別）[円/kW・30分],5.88,19,7.21,0,0.69,5.74,2.74,2.16,19.5,19.5
20241102B07,最低落札価格（TSO別）[円/kW・30分],3.93,1.66,1.98,0,0.69,0.34,0.34,0.34,0.34,0.34
20241102B07,平均落札価格（TSO別）[円/kW・30分],4.52,3.22,2.61,0,0.69,2.32,1.78,1.4,3.96,2.86
20241102B07,落札量合計（TSO別）[MW],294,483.47,196.5,0,140,616.139,313,126,487.99,2657.099
20241102B07,（内訳）自エリアからの落札量[MW],294,483.47,79.3,0,140,588,313,116,487.99,2501.76
20241102B08,募集量（TSO別）[MW],246,559,1436,460,152,788,351,142,566,4700
20241102B08,応札量合計（電源属地別）[MW],374.09,600.67,74.9,158.262,152,598,152.829,128,567.99,2806.741
20241102B08,落札量合計（電源属地別）[MW],310.1,600.67,74.9,158.262,152,598,152.829,128,484.99,2659.751
20241102B08,応札件数（電源属地別）[件],5,4,1,1,1,4,3,3,7,29
20241102B08,落札件数（電源属地別）[件],4,4,1,1,1,4,3,3,6,27
20241102B08,最高落札価格（電源属地別）[円/kW・30分],16.9,19,1.12,0.81,0.34,5.71,1.25,1.05,19.5,19.5
20241102B08,最低落札価格（電源属地別）[円/kW・30分],3.39,1.75,1.12,0.81,0.34,0.34,0.34,0.34,0.34,0.34
20241102B08,平均落札価格（電源属地別）[円/kW・30分],5.02,3.56,1.12,0.81,0.34,2.28,0.77,0.76,2.97,2.62
20241102B08,最高落札価格（TSO別）[円/kW・30分],16.9,19,1.12,0.81,0.34,5.71,1.25,1.05,19.5,19.5
20241102B08,最低落札価格（TSO別）[円/kW・30分],3.39,1.75,1.12,0.81,0.34,0.34,0.34,0.34,0.34,0.34
20241102B08,平均落札価格（TSO別）[円/kW・30分],5.02,3.56,1.12,0.81,0.34,2.24,0.77,0.73,2.97,2.62
20241102B08,落札量合計（TSO別）[MW],310.1,600.67,74.9,158.262,135,611,156.829,128,484.99,2659.751
20241102B08,（内訳）自エリアからの落札量[MW],310.1,600.67,74.9,158.262,135,594,152.829,124,484.99,2634.751
20241103B01,募集量（TSO別）[MW],220,504,1233,470,163,777,340,134,499,4340
20241103B01,応札量合計（電源属地別）[MW],343.99,600.67,74.9,0,163,598,296.439,123,500.99,2700.989
20241103B01,落札量合計（電源属地別）[MW],268,600.67,74.9,0,163,598,295,123,428.99,2551.56
20241103B01,応札件数（電源属地別）[件],4,4,1,0,1,4,4,3,6,27
20241103B01,落札件数（電源属地別）[件],3,4,1,0,1,4,4,3,6,26
20241103B01,最高落札価格（電源属地別）[円/kW・30分],6.11,19,1.12,0,0.34,7.7,1.23,0.6,19.5,19.5
20241103B01,最低落札価格（電源属地別）[円/kW・30分],2.69,2.61,1.12,0,0.34,0.34,0.34,0.34,0.34,0.34
20241103B01,平均落札価格（電源属地別）[円/kW・30分],4.72,4.56,1.12,0,0.34,2.91,0.87,0.5,3.36,2.99
20241103B01,最高落札価格（TSO別）[円/kW・30分],6.11,19,1.12,0,0.34,7.7,1.23,0.6,19.5,19.5
20241103B01,最低落札価格（TSO別）[円/kW・30分],2.69,2.61,1.12,0,0.34,0.34,0.34,0.34,0.34,0.34
20241103B01,平均落札価格（TSO別）[円/kW・30分],4.72,4.56,1.12,0,0.34,2.68,0.77,0.47,3.36,2.99
20241103B01,落札量合計（TSO別）[MW],268,600.67,74.9,0,142,679,235,123,428.99,2551.56
20241103B01,（内訳）自エリアからの落札量[MW],268,600.67,74.9,0,142,586,235,111,428.99,2446.56
20241103B02,募集量（TSO別）[MW],217,487,1187,424,147,754,340,130,487,4173
20241103B02,応札量合計（電源属地別）[MW],388.3,600.67,412.1,0,147,598,296.439,113,488.99,3044.499
20241103B02,落札量合計（電源属地別）[MW],283,600.67,412.1,0,147,598,296.439,113,430.99,2881.199
20241103B02,応札件数（電源属地別）[件],4,4,3,0,1,4,4,2,4,26
20241103B02,落札件数（電源属地別）[件],3,4,3,0,1,4,4,2,4,25
20241103B02,最高落札価格（電源属地別）[円/kW・30分],6.12,19,3.47,0,0.34,7.01,1.83,0.76,19.5,19.5
20241103B02,最低落札価格（電源属地別）[円/kW・30分],2.67,2.59,1.12,0,0.34,0.34,0.34,0.34,0.34,0.34
20241103B02,平均落札価格（電源属地別）[円/kW・30分],4.81,4.53,3.04,0,0.34,2.68,1.31,0.62,5.34,3.38
20241103B02,最高落札価格（TSO別）[円/kW・30分],6.12,19,3.47,3.47,0.34,7.01,1.83,0.76,19.5,19.5
20241103B02,最低落札価格（TSO別）[円/kW・30分],2.67,2.59,1.12,3.47,0.34,0.34,0.34,0.34,0.34,0.34
20241103B02,平均落札価格（TSO別）[円/kW・30分],4.81,4.53,3.02,3.47,0.34,2.63,1.3,0.62,5.34,3.38
20241103B02,落札量合計（TSO別）[MW],283,600.67,394.1,18,144,616.439,281,113,430.99,2881.199
20241103B02,（内訳）自エリアからの落札量[MW],283,600.67,394.1,0,144,584,281,99,430.99,2816.76
20241103B03,募集量（TSO別）[MW],326,1014,1620,1029,203,839,560,193,787,6571
20241103B03,応札量合計（電源属地別）[MW],395.29,350.67,1054.4,0,203,598,296.439,158,788.99,3844.789
20241103B03,落札量合計（電源属地別）[MW],351.29,350.67,1054.4,0,203,598,296.439,158,694.99,3706.789
20241103B03,応札件数（電源属地別）[件],5,3,6,0,2,4,4,3,7,34
20241103B03,落札件数（電源属地別）[件],5,3,6,0,2,4,4,3,6,33
20241103B03,最高落札価格（電源属地別）[円/kW・30分],18.92,19,3.47,0,0.34,9.52,1.69,0.91,19.5,19.5
20241103B03,最低落札価格（電源属地別）[円/kW・30分],1.96,2,1.12,0,0.34,0.34,0.34,0.34,0.34,0.34
20241103B03,平均落札価格（電源属地別）[円/kW・30分],7.02,3.19,3.3,0,0.34,3.54,1.2,0.61,6.32,3.8
20241103B03,最高落札価格（TSO別）[円/kW・30分],18.92,19,3.47,0,0.34,9.52,1.69,0.91,19.5,19.5
20241103B03,最低落札価格（TSO別）[円/kW・30分],1.96,2,1.12,0,0.34,0.34,0.34,0.34,0.34,0.34
20241103B03,平均落札価格（TSO別）[円/kW・30分],7.02,3.3,3.26,0,0.34,3.87,1,0.61,6.32,3.8
20241103B03,落札量合計（TSO別）[MW],351.29,570.67,834.4,0,169,541.674,386.765,158,694.99,3706.789
20241103B03,（内訳）自エリアからの落札量[MW],351.29,350.67,834.4,0,169,507.674,296.439,157,694.99,3361.463
20241103B04,募集量（TSO別）[MW],392,949,2504,1241,301,1149,697,374,923,8530
20241103B04,応札量合計（電源属地別）[MW],290.29,340,1291.9,0,301,380,224.904,349,923,4100.094
20241103B04,落札量合計（電源属地別）[MW],288.3,340,1291.9,0,301,380,224.904,349,830,4005.104
20241103B04,応札件数（電源属地別）[件],5,2,6,0,2,2,3,4,6,30
20241103B04,落札件数（電源属地別）[件],4,2,6,0,2,2,3,4,6,29
20241103B04,最高落札価格（電源属地別）[円/kW・30分],15.28,4.99,3.47,0,0.34,0.34,0.62,3.41,13.13,15.28
20241103B04,最低落札価格（電源属地別）[円/kW・30分],0.4,3.81,1.12,0,0.34,0.34,0.34,0.34,0.34,0.34
20241103B04,平均落札価格（電源属地別）[円/kW・30分],6.69,4.4,3.33,0,0.34,0.34,0.52,1.12,6.61,3.49
20241103B04,最高落札価格（TSO別）[円/kW・30分],15.28,4.99,3.47,0,0.34,0.34,0.62,3.41,13.13,15.28
20241103B04,最低落札価格（TSO別）[円/kW・30分],0.4,3.47,1.12,0,0.34,0.34,0.34,0.34,0.34,0.34
20241103B04,平均落札価格（TSO別）[円/kW・30分],6.69,3.94,3.29,0,0.34,0.34,0.47,1.34,6.61,3.49
20241103B04,落札量合計（TSO別）[MW],288.3,667,964.9,0,246,435,302.074,271.83,830,4005.104
20241103B04,（内訳）自エリアからの落札量[MW],288.3,340,964.9,0,246,380,224.904,271.83,830,3545.934
20241103B05,募集量（TSO別）[MW],347,981,2324,1124,251,1049,507,314,856,7753
20241103B05,応札量合計（電源属地別）[MW],280.3,350.67,1053,0,251,380,224.904,270,857.99,3667.864
20241103B05,落札量合計（電源属地別）[MW],280.3,350.67,1053,0,251,380,224.904,270,771.99,3581.864
20241103B05,応札件数（電源属地別）[件],4,3,5,0,2,2,3,5,7,31
20241103B05,落札件数（電源属地別）[件],4,3,5,0,2,2,3,5,7,31
20241103B05,最高落札価格（電源属地別）[円/kW・30分],18.47,19,3.47,0,0.34,0.34,1.07,3.39,19.5,19.5
20241103B05,最低落札価格（電源属地別）[円/kW・30分],1.65,3.45,3.47,0,0.34,0.34,0.34,0.34,0.34,0.34
20241103B05,平均落札価格（電源属地別）[円/kW・30分],7.08,4.46,3.47,0,0.34,0.34,0.81,1.28,7.09,3.75
20241103B05,最高落札価格（TSO別）[円/kW・30分],18.47,19,3.47,0,0.34,0.34,1.07,3.39,19.5,19.5
20241103B05,最低落札価格（TSO別）[円/kW・30分],1.65,3.45,3.47,0,0.34,0.34,0.34,0.34,0.34,0.34
20241103B05,平均落札価格（TSO別）[円/kW・30分],7.08,4.05,3.47,0,0.34,0.34,0.74,1.43,7.09,3.75
20241103B05,落札量合計（TSO別）[MW],280.3,599.67,804,0,193,438,261.904,233,771.99,3581.864
20241103B05,（内訳）自エリアからの落札量[MW],280.3,350.67,804,0,193,380,224.904,233,771.99,3237.864
20241103B06,募集量（TSO別）[MW],240,822,1440,695,164,867,442,244,726,5640
20241103B06,応札量合計（電源属地別）[MW],406.29,600.67,77.8,0,164,519,296.439,190,729.74,2983.939
20241103B06,落札量合計（電源属地別）[MW],302.99,600.67,77.8,0,164,519,296.439,190,678.99,2829.889
20241103B06,応札件数（電源属地別）[件],5,4,2,0,1,3,4,5,7,31
20241103B06,落札件数（電源属地別）[件],4,4,2,0,1,3,4,5,6,29
20241103B06,最高落札価格（電源属地別）[円/kW・30分],7.21,19,7.21,0,0.34,7.72,2.93,1.24,19.5,19.5
20241103B06,最低落札価格（電源属地別）[円/kW・30分],3.87,1.21,1.98,0,0.34,0.34,0.35,0.34,0.34,0.34
20241103B06,平均落札価格（電源属地別）[円/kW・30分],4.53,2.84,2.99,0,0.34,2.32,2.11,0.67,4.25,2.9
20241103B06,最高落札価格（TSO別）[円/kW・30分],7.21,19,7.21,0,0.34,7.72,2.93,1.24,19.5,19.5
20241103B06,最低落札価格（TSO別）[円/kW・30分],3.87,1.21,1.98,0,0.34,0.34,0.34,0.34,0.34,0.34
20241103B06,平均落札価格（TSO別）[円/kW・30分],4.45,2.93,2.99,0,0.34,2.53,1.88,0.6,4.25,2.9
20241103B06,落札量合計（TSO別）[MW],285.99,617.67,77.8,0,148,468.8,345,207.639,678.99,2829.889
20241103B06,（内訳）自エリアからの落札量[MW],285.99,600.67,77.8,0,148,452.8,296.439,181.639,678.99,2722.328
20241103B07,募集量（TSO別）[MW],241,560,1271,466,145,791,364,135,542,4515
20241103B07,応札量合計（電源属地別）[MW],402.29,600.67,79.8,17.518,145,519,296.439,126,543.99,2730.707
20241103B07,落札量合計（電源属地別）[MW],294,600.67,79.8,17.518,145,519,296.439,126,487.99,2566.417
20241103B07,応札件数（電源属地別）[件],5,4,2,1,1,3,4,4,5,29
20241103B07,落札件数（電源属地別）[件],3,4,2,1,1,3,4,4,5,27
20241103B07,最高落札価格（電源属地別）[円/kW・30分],6.1,19,7.21,6.73,0.44,5.25,2.65,5.12,19.5,19.5
20241103B07,最低落札価格（電源属地別）[円/kW・30分],3.85,2.21,2.11,6.73,0.44,0.34,0.34,0.34,0.34,0.34
20241103B07,平均落札価格（電源属地別）[円/kW・30分],4.51,3.09,3.07,6.73,0.44,1.66,1.9,2,3.96,2.81
20241103B07,最高落札価格（TSO別）[円/kW・30分],6.1,19,7.21,6.73,0.44,5.25,2.65,5.12,19.5,19.5
20241103B07,最低落札価格（TSO別）[円/kW・30分],3.85,2.21,2.11,6.73,0.44,0.34,0.34,0.34,0.34,0.34
20241103B07,平均落札価格（TSO別）[円/kW・30分],4.51,3.09,3.07,6.73,0.44,1.66,1.9,1.95,3.96,2.81
20241103B07,落札量合計（TSO別）[MW],294,600.67,79.8,17.518,140,524,296.439,126,487.99,2566.417
20241103B07,（内訳）自エリアからの落札量[MW],294,600.67,79.8,17.518,140,509,296.439,116,487.99,2541.417
20241103B08,募集量（TSO別）[MW],246,559,1436,460,152,788,351,142,566,4700
20241103B08,応札量合計（電源属地別）[MW],374.09,600.67,74.9,0,152,519,296.439,128,567.99,2713.089
20241103B08,落札量合計（電源属地別）[MW],310.1,600.67,74.9,0,152,519,296.439,128,484.99,2566.099
20241103B08,応札件数（電源属地別）[件],5,4,1,0,1,3,4,3,7,28
20241103B08,落札件数（電源属地別）[件],4,4,1,0,1,3,4,3,6,26
20241103B08,最高落札価格（電源属地別）[円/kW・30分],19.51,19,1.12,0,0.34,5.88,1.59,0.88,19.5,19.51
20241103B08,最低落札価格（電源属地別）[円/kW・30分],4.1,1.69,1.12,0,0.34,0.34,0.34,0.34,0.34,0.34
20241103B08,平均落札価格（電源属地別）[円/kW・30分],5.04,3.48,1.12,0,0.34,1.82,1.13,0.66,2.97,2.57
20241103B08,最高落札価格（TSO別）[円/kW・30分],19.51,19,1.12,0,0.34,5.88,1.59,0.88,19.5,19.51
20241103B08,最低落札価格（TSO別）[円/kW・30分],4.1,1.69,1.12,0,0.34,0.34,0.34,0.34,0.34,0.34
20241103B08,平均落札価格（TSO別）[円/kW・30分],5.04,3.48,1.12,0,0.34,1.79,1.13,0.64,2.97,2.57
20241103B08,落札量合計（TSO別）[MW],310.1,600.67,74.9,0,135,532,300.439,128,484.99,2566.099
20241103B08,（内訳）自エリアからの落札量[MW],310.1,600.67,74.9,0,135,515,296.439,124,484.99,2541.099
20241104B01,募集量（TSO別）[MW],220,504,1233,470,163,777,340,134,499,4340
20241104B01,応札量合計（電源属地別）[MW],343.99,600.67,220.235,0,163,538,296.439,123,500.99,2786.324
20241104B01,落札量合計（電源属地別）[MW],268,600.67,220.235,0,163,538,296.439,123,428.99,2638.334
20241104B01,応札件数（電源属地別）[件],4,4,5,0,1,3,4,3,6,30
20241104B01,落札件数（電源属地別）[件],3,4,5,0,1,3,4,3,6,29
20241104B01,最高落札価格（電源属地別）[円/kW・30分],6.11,19,4.98,0,0.34,6.29,0.85,0.78,19.5,19.5
20241104B01,最低落札価格（電源属地別）[円/kW・30分],3,2.37,0.34,0,0.34,0.34,0.34,0.34,0.34,0.34
20241104B01,平均落札価格（電源属地別）[円/kW・30分],4.82,4.28,2.49,0,0.34,2.09,0.59,0.61,3.36,2.76
20241104B01,最高落札価格（TSO別）[円/kW・30分],6.11,19,4.98,0,0.34,6.29,0.85,0.78,19.5,19.5
20241104B01,最低落札価格（TSO別）[円/kW・30分],3,2.37,0.34,0,0.34,0.34,0.34,0.34,0.34,0.34
20241104B01,平均落札価格（TSO別）[円/kW・30分],4.82,4.28,2.49,0,0.34,1.87,0.65,0.57,3.36,2.76
20241104B01,落札量合計（TSO別）[MW],268,600.67,220.235,0,142,620.439,235,123,428.99,2638.334
20241104B01,（内訳）自エリアからの落札量[MW],268,600.67,220.235,0,142,526,235,111,428.99,2531.895
20241104B02,募集量（TSO別）[MW],217,487,1187,424,147,754,340,130,487,4173
20241104B02,応札量合計（電源属地別）[MW],388.3,600.67,453.335,0,147,538,296.439,113,488.99,3025.734
20241104B02,落札量合計（電源属地別）[MW],283,600.67,453.335,0,147,538,296.439,113,430.99,2862.434
20241104B02,応札件数（電源属地別）[件],4,4,7,0,1,3,4,2,4,29
20241104B02,落札件数（電源属地別）[件],3,4,7,0,1,3,4,2,4,28
20241104B02,最高落札価格（電源属地別）[円/kW・30分],6.12,19,4.26,0,0.34,5.35,1.56,1.06,19.5,19.5
20241104B02,最低落札価格（電源属地別）[円/kW・30分],2.67,2.37,0.34,0,0.34,0.34,0.34,0.34,0.34,0.34
20241104B02,平均落札価格（電源属地別）[円/kW・30分],4.81,4.27,3.26,0,0.34,1.81,1.11,0.82,5.34,3.2
20241104B02,最高落札価格（TSO別）[円/kW・30分],6.12,19,4.26,4.26,0.34,5.35,1.56,1.06,19.5,19.5
20241104B02,最低落札価格（TSO別）[円/kW・30分],2.67,2.37,0.34,4.26,0.34,0.34,0.34,0.34,0.34,0.34
20241104B02,平均落札価格（TSO別）[円/kW・30分],4.81,4.27,3.22,4.26,0.34,1.76,1.15,0.82,5.34,3.2
20241104B02,落札量合計（TSO別）[MW],283,600.67,435.335,18,144,556.439,281,113,430.99,2862.434
20241104B02,（内訳）自エリアからの落札量[MW],283,600.67,435.335,0,144,524,281,99,430.99,2797.995
20241104B03,募集量（TSO別）[MW],326,1014,1620,1029,203,839,560,193,787,6571
20241104B03,応札量合計（電源属地別）[MW],395.29,350.67,667.149,0,203,538,296.439,158,788.99,3397.538
20241104B03,落札量合計（電源属地別）[MW],351.29,350.67,667.149,0,203,538,296.439,158,694.99,3259.538
20241104B03,応札件数（電源属地別）[件],5,3,8,0,2,3,4,3,7,35
20241104B03,落札件数（電源属地別）[件],5,3,8,0,2,3,4,3,6,34
20241104B03,最高落札価格（電源属地別）[円/kW・30分],19.16,19,4.98,0,0.34,7.82,1.89,0.95,19.5,19.5
20241104B03,最低落札価格（電源属地別）[円/kW・30分],1.96,3.15,0.34,0,0.34,0.34,0.34,0.34,0.34,0.34
20241104B03,平均落札価格（電源属地別）[円/kW・30分],7.05,4.23,3.75,0,0.34,2.54,1.35,0.63,6.32,3.92
20241104B03,最高落札価格（TSO別）[円/kW・30分],19.16,19,4.98,0,0.34,7.82,1.89,0.95,19.5,19.5
20241104B03,最低落札価格（TSO別）[円/kW・30分],1.96,0.34,0.34,0,0.34,0.34,0.34,0.34,0.34,0.34
20241104B03,平均落札価格（TSO別）[円/kW・30分],7.05,4.14,3.75,0,0.34,2.79,1.11,0.63,6.32,3.92
20241104B03,落札量合計（TSO別）[MW],351.29,436.519,581.3,0,169,481.674,386.765,158,694.99,3259.538
20241104B03,（内訳）自エリアからの落札量[MW],351.29,350.67,581.3,0,169,448.674,296.439,157,694.99,3049.363
20241104B04,募集量（TSO別）[MW],392,949,2504,1241,301,1149,697,374,923,8530
20241104B04,応札量合計（電源属地別）[MW],290.29,350.67,838.214,0,301,380,224.904,349,923,3657.078
20241104B04,落札量合計（電源属地別）[MW],288.3,350.67,838.214,0,301,380,224.904,349,830,3562.088
20241104B04,応札件数（電源属地別）[件],5,3,6,0,2,2,3,4,6,31
20241104B04,落札件数（電源属地別）[件],4,3,6,0,2,2,3,4,6,30
20241104B04,最高落札価格（電源属地別）[円/kW・30分],17.73,19,4.26,0,0.34,0.34,1.47,2.72,13.13,19
20241104B04,最低落札価格（電源属地別）[円/kW・30分],0.4,3.73,0.34,0,0.34,0.34,0.34,0.34,0.34,0.34
20241104B04,平均落札価格（電源属地別）[円/kW・30分],7.1,4.76,3.92,0,0.34,0.34,1.06,0.96,6.61,3.73
20241104B04,最高落札価格（TSO別）[円/kW・30分],17.73,19,4.26,0,0.34,0.34,1.47,2.72,13.13,19
20241104B04,最低落札価格（TSO別）[円/kW・30分],0.4,0.34,1.12,0,0.34,0.34,0.34,0.34,0.34,0.34
20241104B04,平均落札価格（TSO別）[円/kW・30分],7.1,4.49,3.9,0,0.34,0.34,0.88,1.13,6.61,3.73
20241104B04,落札量合計（TSO別）[MW],288.3,535.984,652.9,0,246,435,302.074,271.83,830,3562.088
20241104B04,（内訳）自エリアからの落札量[MW],288.3,350.67,652.9,0,246,380,224.904,271.83,830,3244.604
20241104B05,募集量（TSO別）[MW],347,981,2319,1124,251,1049,507,314,856,7748
20241104B05,応札量合計（電源属地別）[MW],398.3,350.67,490.214,0,251,380,224.904,270,857.99,3223.078
20241104B05,落札量合計（電源属地別）[MW],349.3,350.67,490.214,0,251,380,224.904,270,771.99,3088.078
20241104B05,応札件数（電源属地別）[件],4,3,4,0,2,2,3,5,7,30
20241104B05,落札件数（電源属地別）[件],4,3,4,0,2,2,3,5,7,30
20241104B05,最高落札価格（電源属地別）[円/kW・30分],15.28,19,4.98,0,0.34,0.34,1.49,1.95,19.5,19.5
20241104B05,最低落札価格（電源属地別）[円/kW・30分],2.01,2.98,0.34,0,0.34,0.34,0.34,0.34,0.34,0.34
20241104B05,平均落札価格（電源属地別）[円/kW・30分],6.41,3.74,4.28,0,0.34,0.34,1.07,0.85,7.09,3.82
20241104B05,最高落札価格（TSO別）[円/kW・30分],15.28,19,4.98,0,0.34,0.34,1.49,1.95,19.5,19.5
20241104B05,最低落札価格（TSO別）[円/kW・30分],2.01,2.01,0.34,0,0.34,0.34,0.34,0.34,0.34,0.34
20241104B05,平均落札価格（TSO別）[円/kW・30分],6.55,3.69,4.28,0,0.34,0.34,0.97,0.93,7.09,3.82
20241104B05,落札量合計（TSO別）[MW],338.3,361.67,490.214,0,193,438,261.904,233,771.99,3088.078
20241104B05,（内訳）自エリアからの落札量[MW],338.3,350.67,490.214,0,193,380,224.904,233,771.99,2982.078
20241104B06,募集量（TSO別）[MW],240,822,1415,695,164,867,442,244,726,5615
20241104B06,応札量合計（電源属地別）[MW],406.29,600.67,79.4,0,164,624,296.439,190,729.74,3090.539
20241104B06,落札量合計（電源属地別）[MW],302.99,600.67,79.4,0,164,624,279.8,190,678.99,2919.85
20241104B06,応札件数（電源属地別）[件],5,4,2,0,1,4,4,5,7,32
20241104B06,落札件数（電源属地別）[件],4,4,2,0,1,4,4,5,6,30
20241104B06,最高落札価格（電源属地別）[円/kW・30分],7.21,19,7.21,0,0.34,6.34,3.72,2.99,19.5,19.5
20241104B06,最低落札価格（電源属地別）[円/kW・30分],3.87,1.69,0.96,0,0.34,3.29,0.82,0.34,0.34,0.34
20241104B06,平均落札価格（電源属地別）[円/kW・30分],4.53,2.83,2.14,0,0.34,4.48,2.75,1.09,4.25,3.41
20241104B06,最高落札価格（TSO別）[円/kW・30分],7.21,19,7.21,0,0.34,6.34,3.72,3.38,19.5,19.5
20241104B06,最低落札価格（TSO別）[円/kW・30分],3.87,1.69,0.96,0,0.34,0.34,0.82,0.34,0.34,0.34
20241104B06,平均落札価格（TSO別）[円/kW・30分],4.45,2.92,2.14,0,0.34,4.55,2.86,1.37,4.25,3.41
20241104B06,落札量合計（TSO別）[MW],285.99,617.67,79.4,0,148,548.8,345,216,678.99,2919.85
20241104B06,（内訳）自エリアからの落札量[MW],285.99,600.67,79.4,0,148,532.8,279.8,190,678.99,2795.65
20241104B07,募集量（TSO別）[MW],241,560,1241,466,145,791,364,135,542,4485
20241104B07,応札量合計（電源属地別）[MW],402.29,590,80.9,0,145,624,296.439,126,543.99,2808.619
20241104B07,落札量合計（電源属地別）[MW],294,590,80.9,0,145,624,296.439,126,487.99,2644.329
20241104B07,応札件数（電源属地別）[件],5,3,2,0,1,4,4,4,5,28
20241104B07,落札件数（電源属地別）[件],3,3,2,0,1,4,4,4,5,26
20241104B07,最高落札価格（電源属地別）[円/kW・30分],6.1,3.33,7.21,0,0.44,5.5,3.08,4.55,19.5,19.5
20241104B07,最低落札価格（電源属地別）[円/kW・30分],3.85,1.68,1.64,0,0.44,1.72,0.48,0.34,0.34,0.34
20241104B07,平均落札価格（電源属地別）[円/kW・30分],4.51,2.61,2.67,0,0.44,3.23,2.25,1.99,3.96,3.03
20241104B07,最高落札価格（TSO別）[円/kW・30分],6.1,3.33,7.21,0,0.44,5.5,3.08,4.55,19.5,19.5
20241104B07,最低落札価格（TSO別）[円/kW・30分],3.85,1.68,1.64,0,0.44,0.44,0.34,0.34,0.34,0.34
20241104B07,平均落札価格（TSO別）[円/kW・30分],4.51,2.84,2.08,0,0.44,3.23,2.21,2.05,3.96,3.03
20241104B07,落札量合計（TSO別）[MW],294,471,199.9,0,140,619,306.439,126,487.99,2644.329
20241104B07,（内訳）自エリアからの落札量[MW],294,471,80.9,0,140,614,296.439,116,487.99,2500.329
20241104B08,募集量（TSO別）[MW],246,559,1436,460,152,788,351,142,566,4700
20241104B08,応札量合計（電源属地別）[MW],374.09,600.67,88.214,0,152,624,296.439,128,567.99,2831.403
20241104B08,落札量合計（電源属地別）[MW],310.1,600.67,88.214,0,152,624,296.439,128,460.99,2660.413
20241104B08,応札件数（電源属地別）[件],5,4,2,0,1,4,4,3,5,28
20241104B08,落札件数（電源属地別）[件],4,4,2,0,1,4,4,3,5,27
20241104B08,最高落札価格（電源属地別）[円/kW・30分],19.51,19,1.12,0,0.34,5.58,1.84,0.98,19.5,19.51
20241104B08,最低落札価格（電源属地別）[円/kW・30分],4.16,2.03,0.34,0,0.34,0.34,0.34,0.34,0.34,0.34
20241104B08,平均落札価格（電源属地別）[円/kW・30分],5.06,3.52,1,0,0.34,2.38,1.31,0.72,3.13,2.72
20241104B08,最高落札価格（TSO別）[円/kW・30分],19.51,19,1.12,0,0.34,5.58,1.84,0.98,19.5,19.51
20241104B08,最低落札価格（TSO別）[円/kW・30分],4.16,2.03,0.34,0,0.34,0.34,0.34,0.34,0.34,0.34
20241104B08,平均落札価格（TSO別）[円/kW・30分],5.06,3.52,1,0,0.34,2.34,1.31,0.7,3.13,2.72
20241104B08,落札量合計（TSO別）[MW],310.1,600.67,88.214,0,135,637,300.439,128,460.99,2660.413
20241104B08,（内訳）自エリアからの落札量[MW],310.1,600.67,88.214,0,135,620,296.439,124,460.99,2635.413
20241105B01,募集量（TSO別）[MW],220,504,1233,302,163,777,340,134,499,4172
20241105B01,応札量合計（電源属地別）[MW],343.99,600.67,164.3,0,163,624,296.439,123,500.99,2816.389
20241105B01,落札量合計（電源属地別）[MW],268,600.67,164.3,0,163,624,269,123,411.99,2623.96
20241105B01,応札件数（電源属地別）[件],4,4,2,0,1,4,4,3,5,27
20241105B01,落札件数（電源属地別）[件],3,4,2,0,1,4,4,3,5,26
20241105B01,最高落札価格（電源属地別）[円/kW・30分],6.46,19,4.98,0,0.34,7.17,1.32,0.44,19.5,19.5
20241105B01,最低落札価格（電源属地別）[円/kW・30分],2.6,2.46,1.12,0,0.34,0.34,0.34,0.34,0.34,0.34
20241105B01,平均落札価格（電源属地別）[円/kW・30分],4.87,4.31,3.22,0,0.34,2.93,0.89,0.4,3.81,3.11
20241105B01,最高落札価格（TSO別）[円/kW・30分],6.46,19,4.98,0,0.34,7.17,1.32,0.44,19.5,19.5
20241105B01,最低落札価格（TSO別）[円/kW・30分],2.6,2.46,1.12,0,0.34,0.34,0.34,0.34,0.34,0.34
20241105B01,平均落札価格（TSO別）[円/kW・30分],4.87,4.31,3.22,0,0.34,2.76,0.88,0.39,3.81,3.11
20241105B01,落札量合計（TSO別）[MW],268,600.67,164.3,0,142,679,235,123,411.99,2623.96
20241105B01,（内訳）自エリアからの落札量[MW],268,600.67,164.3,0,142,612,235,111,411.99,2544.96
20241105B02,募集量（TSO別）[MW],217,487,1187,295,147,754,340,130,487,4044
20241105B02,応札量合計（電源属地別）[MW],388.3,600.67,397.4,0,147,624,296.439,113,313.99,2880.799
20241105B02,落札量合計（電源属地別）[MW],283,600.67,397.4,0,147,624,296.439,113,313.99,2775.499
20241105B02,応札件数（電源属地別）[件],4,4,4,0,1,4,4,2,3,26
20241105B02,落札件数（電源属地別）[件],3,4,4,0,1,4,4,2,3,25
20241105B02,最高落札価格（電源属地別）[円/kW・30分],6.03,19,4.26,0,0.34,6.46,2.19,0.79,19.5,19.5
20241105B02,最低落札価格（電源属地別）[円/kW・30分],2.8,2.21,1.12,0,0.34,0.34,0.34,0.34,0.34,0.34
20241105B02,平均落札価格（電源属地別）[円/kW・30分],4.81,4.09,3.67,0,0.34,2.68,1.57,0.64,4.34,3.21
20241105B02,最高落札価格（TSO別）[円/kW・30分],6.03,19,5.29,0,0.34,6.46,2.19,0.79,19.5,19.5
20241105B02,最低落札価格（TSO別）[円/kW・30分],2.8,2.21,1.12,0,0.34,0.34,0.34,0.34,0.34,0.34
20241105B02,平均落札価格（TSO別）[円/kW・30分],4.81,4.15,3.76,0,0.34,2.74,1.58,0.58,4.04,3.21
20241105B02,落札量合計（TSO別）[MW],283,417.67,580.4,0,144,617.439,281,113,338.99,2775.499
20241105B02,（内訳）自エリアからの落札量[MW],283,417.67,397.4,0,144,585,281,99,313.99,2521.06
20241105B03,募集量（TSO別）[MW],326,1014,1620,665,203,839,560,193,787,6207
20241105B03,応札量合計（電源属地別）[MW],229.29,600.67,549.4,0,203,624,296.439,158,264.99,2925.789
20241105B03,落札量合計（電源属地別）[MW],185.29,600.67,549.4,0,203,624,296.439,158,264.99,2881.789
20241105B03,応札件数（電源属地別）[件],4,4,4,0,2,4,4,3,2,27
20241105B03,落札件数（電源属地別）[件],4,4,4,0,2,4,4,3,2,27
20241105B03,最高落札価格（電源属地別）[円/kW・30分],19.51,19,4.98,0,1.08,5.93,2.65,1.07,19.5,19.51
20241105B03,最低落札価格（電源属地別）[円/kW・30分],1.96,0.52,4.26,0,0.34,0.34,0.34,0.34,4.66,0.34
20241105B03,平均落札価格（電源属地別）[円/kW・30分],8.14,3.41,4.38,0,0.56,2.5,1.9,0.74,4.77,3.33
20241105B03,最高落札価格（TSO別）[円/kW・30分],19.51,19,4.98,0,1.08,5.93,2.65,1.07,19.5,19.51
20241105B03,最低落札価格（TSO別）[円/kW・30分],1.96,0.52,4.26,0,0.34,0.34,0.34,0.34,0.34,0.34
20241105B03,平均落札価格（TSO別）[円/kW・30分],8.14,3.47,4.39,0,0.64,2.95,1.47,0.74,4.07,3.33
20241105B03,落札量合計（TSO別）[MW],185.29,643.67,506.4,0,148,517.8,407.765,158,314.864,2881.789
20241105B03,（内訳）自エリアからの落札量[MW],185.29,600.67,506.4,0,148,513.126,296.439,136,264.99,2650.915
20241105B04,募集量（TSO別）[MW],392,949,2429,877,301,1149,697,374,923,8091
20241105B04,応札量合計（電源属地別）[MW],235.29,600.67,750,0,301,624,112.182,230,923,3776.142
20241105B04,落札量合計（電源属地別）[MW],186.3,600.67,750,0,301,624,112.182,230,830,3634.152
20241105B04,応札件数（電源属地別）[件],4,4,4,0,2,4,2,5,6,31
20241105B04,落札件数（電源属地別）[件],3,4,4,0,2,4,2,5,6,30
20241105B04,最高落札価格（電源属地別）[円/kW・30分],18,19,4.26,0,1.38,8.52,1.97,1.65,9.03,19
20241105B04,最低落札価格（電源属地別）[円/kW・30分],1.96,0.34,4.26,0,0.38,0.34,0.34,0.34,0.34,0.34
20241105B04,平均落札価格（電源属地別）[円/kW・30分],7.61,4.37,4.26,0,0.77,3.45,1.38,1.25,4.6,3.82
20241105B04,最高落札価格（TSO別）[円/kW・30分],18,19,4.26,0,1.38,8.52,1.97,1.65,9.03,19
20241105B04,最低落札価格（TSO別）[円/kW・30分],1.96,0.34,4.26,0,0.38,0.34,0.34,0.34,0.34,0.34
20241105B04,平均落札価格（TSO別）[円/kW・30分],7.61,4.35,4.26,0,0.7,3.99,0.91,1.22,4.6,3.82
20241105B04,落札量合計（TSO別）[MW],186.3,777.67,573,0,246,530.8,215.382,275,830,3634.152
20241105B04,（内訳）自エリアからの落札量[MW],186.3,600.67,573,0,246,530.8,112.182,220,830,3298.952
20241105B05,募集量（TSO別）[MW],347,981,2233,760,251,1049,507,314,856,7298
20241105B05,応札量合計（電源属地別）[MW],223.3,600.67,476.9,0,251,624,152.829,270,857.99,3456.689
20241105B05,落札量合計（電源属地別）[MW],177.3,600.67,476.9,0,251,624,152.829,270,771.99,3324.689
20241105B05,応札件数（電源属地別）[件],3,4,3,0,2,4,3,7,7,33
20241105B05,落札件数（電源属地別）[件],3,4,3,0,2,4,3,7,7,33
20241105B05,最高落札価格（電源属地別）[円/kW・30分],15.28,19,4.98,0,1.58,9.32,1.9,5.59,19.5,19.5
20241105B05,最低落札価格（電源属地別）[円/kW・30分],2.45,0.74,4.26,0,0.58,0.34,0.36,0.34,0.34,0.34
20241105B05,平均落札価格（電源属地別）[円/kW・30分],7.18,3.32,4.39,0,0.9,3.75,1.08,2.18,5.36,3.85
20241105B05,最高落札価格（TSO別）[円/kW・30分],15.28,19,4.98,0,1.58,9.32,5.59,5.59,19.5,19.5
20241105B05,最低落札価格（TSO別）[円/kW・30分],2.45,0.74,4.26,0,0.58,0.34,0.34,0.34,0.34,0.34
20241105B05,平均落札価格（TSO別）[円/kW・30分],7.18,3.32,4.39,0,0.95,4.23,1.19,1.76,5.36,3.85
20241105B05,落札量合計（TSO別）[MW],177.3,600.67,476.9,0,216.004,548.8,254.025,279,771.99,3324.689
20241105B05,（内訳）自エリアからの落札量[MW],177.3,600.67,476.9,0,216.004,513.804,152.829,230,771.99,3139.497
20241105B06,募集量（TSO別）[MW],240,822,1349,474,164,867,442,244,726,5328
20241105B06,応札量合計（電源属地別）[MW],241.29,770.67,100.6,0,164,624,152.829,190,166.99,2410.379
20241105B06,落札量合計（電源属地別）[MW],186.29,770.67,100.6,0,164,624,152.829,190,166.99,2355.379
20241105B06,応札件数（電源属地別）[件],4,5,1,0,1,4,3,6,4,28
20241105B06,落札件数（電源属地別）[件],4,5,1,0,1,4,3,6,4,28
20241105B06,最高落札価格（電源属地別）[円/kW・30分],19.51,19,4.17,0,2.59,7.48,4.32,5.59,19.5,19.51
20241105B06,最低落札価格（電源属地別）[円/kW・30分],3.75,2.37,4.17,0,2.59,3.29,1.84,0.34,0.53,0.34
20241105B06,平均落札価格（電源属地別）[円/kW・30分],8.65,3.01,4.17,0,2.59,4.96,3,3.01,1.54,3.89
20241105B06,最高落札価格（TSO別）[円/kW・30分],19.51,19,4.17,0,2.59,7.48,5.59,3.38,19.5,19.51
20241105B06,最低落札価格（TSO別）[円/kW・30分],3.75,2.37,4.17,0,2.59,2.59,0.34,0.34,0.53,0.34
20241105B06,平均落札価格（TSO別）[円/kW・30分],8.65,3.01,4.17,0,2.59,5.16,3.25,2.84,1.54,3.89
20241105B06,落札量合計（TSO別）[MW],186.29,770.67,100.6,0,148,548.8,248.029,186,166.99,2355.379
20241105B06,（内訳）自エリアからの落札量[MW],186.29,770.67,100.6,0,148,535.8,152.829,139,166.99,2200.179
20241105B07,募集量（TSO別）[MW],241,560,1195,318,145,791,364,135,542,4291
20241105B07,応札量合計（電源属地別）[MW],402.29,600.67,104.2,0,145,624,296.439,126,101.99,2400.589
20241105B07,落札量合計（電源属地別）[MW],295,600.67,104.2,0,145,624,296.439,126,101.99,2293.299
20241105B07,応札件数（電源属地別）[件],5,4,1,0,1,4,4,4,3,26
20241105B07,落札件数（電源属地別）[件],4,4,1,0,1,4,4,4,3,25
20241105B07,最高落札価格（電源属地別）[円/kW・30分],5.74,19,4.19,0,1.24,7.51,3.82,3.21,19.5,19.5
20241105B07,最低落札価格（電源属地別）[円/kW・30分],3.45,2.22,4.19,0,1.24,1.72,1.01,0.34,0.34,0.34
20241105B07,平均落札価格（電源属地別）[円/kW・30分],4.53,3.15,4.19,0,1.24,4.01,2.93,2.45,0.88,3.32
20241105B07,最高落札価格（TSO別）[円/kW・30分],5.74,19,4.19,0,1.24,7.51,3.82,3.21,19.5,19.5
20241105B07,最低落札価格（TSO別）[円/kW・30分],3.45,2.22,2.22,0,1.24,1.24,1.01,0.34,0.34,0.34
20241105B07,平均落札価格（TSO別）[円/kW・30分],4.53,3.29,3.34,0,1.24,4.28,2.94,2.37,1.22,3.32
20241105B07,落札量合計（TSO別）[MW],295,481.67,223.2,0,140,556,303.439,126,167.99,2293.299
20241105B07,（内訳）自エリアからの落札量[MW],295,481.67,104.2,0,140,551,296.439,119,101.99,2089.299
20241105B08,募集量（TSO別）[MW],246,559,1436,329,152,788,351,142,566,4569
20241105B08,応札量合計（電源属地別）[MW],374.09,600.67,74.9,0,152,624,296.439,128,410.99,2661.089
20241105B08,落札量合計（電源属地別）[MW],310.1,600.67,74.9,0,152,624,296.439,128,410.99,2597.099
20241105B08,応札件数（電源属地別）[件],5,4,1,0,1,4,4,3,5,27
20241105B08,落札件数（電源属地別）[件],4,4,1,0,1,4,4,3,5,26
20241105B08,最高落札価格（電源属地別）[円/kW・30分],19.51,19,1.12,0,0.34,5.67,2.04,1.38,19.5,19.51
20241105B08,最低落札価格（電源属地別）[円/kW・30分],3.32,1.3,1.12,0,0.34,0.34,0.34,0.34,0.34,0.34
20241105B08,平均落札価格（電源属地別）[円/kW・30分],5.1,2.86,1.12,0,0.34,2.42,1.46,1.16,3.39,2.66
20241105B08,最高落札価格（TSO別）[円/kW・30分],19.51,19,1.12,0,0.34,5.67,2.04,1.38,19.5,19.51
20241105B08,最低落札価格（TSO別）[円/kW・30分],3.32,1.3,1.12,0,0.34,0.34,0.34,0.34,0.34,0.34
20241105B08,平均落札価格（TSO別）[円/kW・30分],5.1,2.86,1.12,0,0.34,2.47,1.45,1.06,3.26,2.66
20241105B08,落札量合計（TSO別）[MW],310.1,600.67,74.9,0,135,610,308.439,128,429.99,2597.099
20241105B08,（内訳）自エリアからの落札量[MW],310.1,600.67,74.9,0,135,593,296.439,116,410.99,2537.099
20241106B01,募集量（TSO別）[MW],220,504,1233,302,163,777,340,134,499,4172
20241106B01,応札量合計（電源属地別）[MW],343.99,600.67,164.3,0,163,624,296.439,123,500.99,2816.389
20241106B01,落札量合計（電源属地別）[MW],268,600.67,164.3,0,163,624,269,123,411.99,2623.96
20241106B01,応札件数（電源属地別）[件],4,4,2,0,1,4,4,3,5,27
20241106B01,落札件数（電源属地別）[件],3,4,2,0,1,4,4,3,5,26
20241106B01,最高落札価格（電源属地別）[円/kW・30分],6.46,19,4.98,0,0.34,5.6,1.06,0.88,19.5,19.5
20241106B01,最低落札価格（電源属地別）[円/kW・30分],2.31,1.55,1.12,0,0.34,0.34,0.34,0.34,0.34,0.34
20241106B01,平均落札価格（電源属地別）[円/kW・30分],4.78,2.18,3.22,0,0.34,2.37,0.71,0.71,3.81,2.48
20241106B01,最高落札価格（TSO別）[円/kW・30分],6.46,19,4.98,0,0.34,5.6,1.06,0.88,19.5,19.5
20241106B01,最低落札価格（TSO別）[円/kW・30分],2.31,1.55,1.12,0,0.34,0.34,0.34,0.34,0.34,0.34
20241106B01,平均落札価格（TSO別）[円/kW・30分],4.78,2.18,3.22,0,0.34,2.24,0.69,0.68,3.81,2.48
20241106B01,落札量合計（TSO別）[MW],268,600.67,164.3,0,142,679,235,123,411.99,2623.96
20241106B01,（内訳）自エリアからの落札量[MW],268,600.67,164.3,0,142,609,235,108,411.99,2538.96
20241106B02,募集量（TSO別）[MW],217,487,1187,295,147,754,340,130,487,4044
20241106B02,応札量合計（電源属地別）[MW],388.3,590,397.4,0,147,624,296.439,113,313.99,2870.129
20241106B02,落札量合計（電源属地別）[MW],283,590,397.4,0,147,624,296.439,113,313.99,2764.829
20241106B02,応札件数（電源属地別）[件],4,3,4,0,1,4,4,3,3,26
20241106B02,落札件数（電源属地別）[件],3,3,4,0,1,4,4,3,3,25
20241106B02,最高落札価格（電源属地別）[円/kW・30分],6.03,2.53,4.26,0,0.34,5.74,2.08,1.44,19.5,19.5
20241106B02,最低落札価格（電源属地別）[円/kW・30分],2.8,1.59,1.12,0,0.34,0.34,0.34,0.34,0.34,0.34
20241106B02,平均落札価格（電源属地別）[円/kW・30分],4.81,2.09,3.67,0,0.34,2.45,1.49,1.18,4.34,2.74
20241106B02,最高落札価格（TSO別）[円/kW・30分],6.03,2.53,4.26,0,0.34,5.74,2.08,1.44,19.5,19.5
20241106B02,最低落札価格（TSO別）[円/kW・30分],2.8,1.59,1.12,0,0.34,0.34,0.34,0.34,0.34,0.34
20241106B02,平均落札価格（TSO別）[円/kW・30分],4.81,2.01,3.23,0,0.34,2.52,1.48,1.09,4.04,2.74
20241106B02,落札量合計（TSO別）[MW],283,407,580.4,0,144,617.439,281,113,338.99,2764.829
20241106B02,（内訳）自エリアからの落札量[MW],283,407,397.4,0,144,589,281,103,313.99,2518.39
20241106B03,募集量（TSO別）[MW],326,1014,1620,665,203,839,560,193,787,6207
20241106B03,応札量合計（電源属地別）[MW],395.29,600.67,624.3,0,203,624,296.439,158,264.99,3166.689
20241106B03,落札量合計（電源属地別）[MW],351.29,600.67,624.3,0,203,624,296.439,158,264.99,3122.689
20241106B03,応札件数（電源属地別）[件],5,4,5,0,2,4,4,4,2,30
20241106B03,落札件数（電源属地別）[件],5,4,5,0,2,4,4,4,2,30
20241106B03,最高落札価格（電源属地別）[円/kW・30分],19.2,19,4.98,0,1.08,5.77,2.61,1.48,19.5,19.5
20241106B03,最低落札価格（電源属地別）[円/kW・30分],1.96,1.19,1.12,0,0.34,0.34,0.34,0.34,4.66,0.34
20241106B03,平均落札価格（電源属地別）[円/kW・30分],7.07,2.25,3.99,0,0.56,2.46,1.87,1.13,4.77,3.19
20241106B03,最高落札価格（TSO別）[円/kW・30分],19.2,19,4.98,0,1.08,5.77,2.61,1.48,19.5,19.5
20241106B03,最低落札価格（TSO別）[円/kW・30分],1.96,1.19,1.12,0,0.34,0.34,0.34,0.34,0.34,0.34
20241106B03,平均落札価格（TSO別）[円/kW・30分],7.07,2.38,3.97,0,0.47,2.9,1.57,0.9,4.23,3.19
20241106B03,落札量合計（TSO別）[MW],351.29,643.67,581.3,0,148,517.8,420.765,158,301.864,3122.689
20241106B03,（内訳）自エリアからの落札量[MW],351.29,600.67,581.3,0,148,501.8,296.439,123,264.99,2867.489
20241106B04,募集量（TSO別）[MW],392,949,2429,877,301,1149,697,374,923,8091
20241106B04,応札量合計（電源属地別）[MW],290.29,520.67,824.9,0,301,624,152.829,316,923,3952.689
20241106B04,落札量合計（電源属地別）[MW],288.3,520.67,824.9,0,301,624,152.829,316,830,3857.699
20241106B04,応札件数（電源属地別）[件],5,4,5,0,2,4,3,6,6,35
20241106B04,落札件数（電源属地別）[件],4,4,5,0,2,4,3,6,6,34
20241106B04,最高落札価格（電源属地別）[円/kW・30分],17.89,19,4.26,0,1.38,8.25,1.8,1.48,9.03,19
20241106B04,最低落札価格（電源属地別）[円/kW・30分],1.36,0.36,1.12,0,0.38,0.34,0.34,0.34,0.34,0.34
20241106B04,平均落札価格（電源属地別）[円/kW・30分],6.9,1.59,3.97,0,0.77,3.34,1.02,1.07,4.6,3.3
20241106B04,最高落札価格（TSO別）[円/kW・30分],17.89,19,4.26,0,1.38,8.25,1.8,1.48,9.03,19
20241106B04,最低落札価格（TSO別）[円/kW・30分],1.36,0.36,1.12,0,0.38,0.34,0.34,0.34,0.34,0.34
20241106B04,平均落札価格（TSO別）[円/kW・30分],6.9,2.27,3.9,0,0.67,3.92,0.76,1.04,4.6,3.3
20241106B04,落札量合計（TSO別）[MW],288.3,697.67,647.9,0,246,530.8,268.029,349,830,3857.699
20241106B04,（内訳）自エリアからの落札量[MW],288.3,520.67,647.9,0,246,494.8,152.829,291.996,830,3472.495
20241106B05,募集量（TSO別）[MW],347,981,2233,760,251,1049,507,314,856,7298
20241106B05,応札量合計（電源属地別）[MW],280.3,600.67,387.5,0,251,624,174.639,270,857.99,3446.099
20241106B05,落札量合計（電源属地別）[MW],280.3,600.67,387.5,0,251,624,174.639,270,771.99,3360.099
20241106B05,応札件数（電源属地別）[件],4,4,2,0,2,4,5,6,7,34
20241106B05,落札件数（電源属地別）[件],4,4,2,0,2,4,5,6,7,34
20241106B05,最高落札価格（電源属地別）[円/kW・30分],15.28,19,4.26,0,1.58,9.27,1.56,3.84,19.5,19.5
20241106B05,最低落札価格（電源属地別）[円/kW・30分],2.31,0.82,4.26,0,0.58,0.34,0.34,0.34,0.34,0.34
20241106B05,平均落札価格（電源属地別）[円/kW・30分],6.49,2.55,4.26,0,0.9,3.73,0.84,2.01,5.36,3.68
20241106B05,最高落札価格（TSO別）[円/kW・30分],15.28,19,4.26,0,1.58,9.27,1.56,3.84,19.5,19.5
20241106B05,最低落札価格（TSO別）[円/kW・30分],2.31,0.82,4.26,0,0.58,0.34,0.34,0.34,0.34,0.34
20241106B05,平均落札価格（TSO別）[円/kW・30分],6.49,2.55,4.26,0,0.93,4.18,0.72,1.92,5.36,3.68
20241106B05,落札量合計（TSO別）[MW],280.3,600.67,387.5,0,230,552.948,257.691,279,771.99,3360.099
20241106B05,（内訳）自エリアからの落札量[MW],280.3,600.67,387.5,0,230,531.948,174.639,230,771.99,3207.047
20241106B06,募集量（TSO別）[MW],240,822,1349,474,164,867,442,244,726,5328
20241106B06,応札量合計（電源属地別）[MW],406.29,770.67,91.7,0,164,624,318.249,190,168.74,2733.649
20241106B06,落札量合計（電源属地別）[MW],296,770.67,91.7,0,164,624,318.249,190,168.74,2623.359
20241106B06,応札件数（電源属地別）[件],5,5,1,0,1,4,6,6,5,33
20241106B06,落札件数（電源属地別）[件],3,5,1,0,1,4,6,6,5,31
20241106B06,最高落札価格（電源属地別）[円/kW・30分],6.25,19,4.36,0,2.59,8,4.68,5.97,19.5,19.5
20241106B06,最低落札価格（電源属地別）[円/kW・30分],3.75,0.39,4.36,0,2.59,3.29,1.71,0.34,0.53,0.34
20241106B06,平均落札価格（電源属地別）[円/kW・30分],4.47,3.05,4.36,0,2.59,5.16,3.61,3.41,1.56,3.73
20241106B06,最高落札価格（TSO別）[円/kW・30分],6.25,19,4.36,0,2.59,8,5.97,5.97,19.5,19.5
20241106B06,最低落札価格（TSO別）[円/kW・30分],3.75,0.39,4.36,0,2.59,2.59,1.71,0.34,0.53,0.34
20241106B06,平均落札価格（TSO別）[円/kW・30分],4.47,3.05,4.36,0,2.59,5.39,3.6,3.32,1.9,3.73
20241106B06,落札量合計（TSO別）[MW],296,770.67,91.7,0,148,548.8,345,222,201.189,2623.359
20241106B06,（内訳）自エリアからの落札量[MW],296,770.67,91.7,0,148,535.8,307,182,168.74,2499.91
20241106B07,募集量（TSO別）[MW],241,560,1195,318,145,791,364,135,542,4291
20241106B07,応札量合計（電源属地別）[MW],329.3,600.67,94.7,0,145,624,318.249,126,100,2337.919
20241106B07,落札量合計（電源属地別）[MW],282.3,600.67,94.7,0,145,624,318.249,126,100,2290.919
20241106B07,応札件数（電源属地別）[件],4,4,1,0,1,4,6,4,2,26
20241106B07,落札件数（電源属地別）[件],4,4,1,0,1,4,6,4,2,26
20241106B07,最高落札価格（電源属地別）[円/kW・30分],19.51,19,4.28,0,1.24,8.11,3.95,3.81,0.92,19.51
20241106B07,最低落札価格（電源属地別）[円/kW・30分],3.98,0.45,4.28,0,1.24,1.72,1.08,0.34,0.34,0.34
20241106B07,平均落札価格（電源属地別）[円/kW・30分],6.79,2.84,4.28,0,1.24,4.25,2.91,2.91,0.51,3.58
20241106B07,最高落札価格（TSO別）[円/kW・30分],19.51,19,4.28,0,1.24,8.11,3.95,3.81,3.47,19.51
20241106B07,最低落札価格（TSO別）[円/kW・30分],3.98,0.45,0.45,0,1.24,1.24,1.08,0.34,0.34,0.34
20241106B07,平均落札価格（TSO別）[円/kW・30分],6.79,3.03,3.04,0,1.24,4.53,2.9,2.81,1.1,3.58
20241106B07,落札量合計（TSO別）[MW],282.3,481.67,213.7,0,140,563,313,126,171.249,2290.919
20241106B07,（内訳）自エリアからの落札量[MW],282.3,481.67,94.7,0,140,551,313,119,100,2081.67
20241106B08,募集量（TSO別）[MW],246,559,1436,329,152,788,351,142,566,4569
20241106B08,応札量合計（電源属地別）[MW],372.1,600.67,74.9,0,152,624,318.249,128,409,2678.919
20241106B08,落札量合計（電源属地別）[MW],310.1,600.67,74.9,0,152,624,318.249,128,409,2616.919
20241106B08,応札件数（電源属地別）[件],4,4,1,0,1,4,6,3,4,27
20241106B08,落札件数（電源属地別）[件],4,4,1,0,1,4,6,3,4,27
20241106B08,最高落札価格（電源属地別）[円/kW・30分],19.51,19,1.12,0,0.34,5.76,1.99,1.47,4.95,19.51
20241106B08,最低落札価格（電源属地別）[円/kW・30分],3.32,1.65,1.12,0,0.34,0.34,0.34,0.34,0.34,0.34
20241106B08,平均落札価格（電源属地別）[円/kW・30分],5.1,2.13,1.12,0,0.34,2.46,1.35,1.24,3.31,2.47
20241106B08,最高落札価格（TSO別）[円/kW・30分],19.51,19,1.12,0,0.34,5.76,1.99,1.47,4.95,19.51
20241106B08,最低落札価格（TSO別）[円/kW・30分],3.32,1.65,1.12,0,0.34,0.34,0.34,0.34,0.34,0.34
20241106B08,平均落札価格（TSO別）[円/kW・30分],5.1,2.13,1.12,0,0.34,2.49,1.35,1.13,3.18,2.47
20241106B08,落札量合計（TSO別）[MW],310.1,600.67,74.9,0,135,622,318.249,128,428,2616.919
20241106B08,（内訳）自エリアからの落札量[MW],310.1,600.67,74.9,0,135,593,318.249,116,409,2556.919
20241107B01,募集量（TSO別）[MW],220,504,1233,302,163,777,340,134,499,4172
20241107B01,応札量合計（電源属地別）[MW],343.99,600.67,164.3,0,163,624,318.249,123,500.99,2838.199
20241107B01,落札量合計（電源属地別）[MW],268,600.67,164.3,0,163,624,269,123,411.99,2623.96
20241107B01,応札件数（電源属地別）[件],4,4,2,0,1,4,6,3,5,29
20241107B01,落札件数（電源属地別）[件],3,4,2,0,1,4,6,3,5,28
20241107B01,最高落札価格（電源属地別）[円/kW・30分],6.46,19,4.98,0,0.34,5.22,1.3,0.93,19.5,19.5
20241107B01,最低落札価格（電源属地別）[円/kW・30分],2.29,1.48,1.12,0,0.34,0.34,0.34,0.34,0.34,0.34
20241107B01,平均落札価格（電源属地別）[円/kW・30分],4.77,2.32,3.22,0,0.34,2.25,0.8,0.75,3.81,2.49
20241107B01,最高落札価格（TSO別）[円/kW・30分],6.46,19,4.98,0,0.34,5.22,1.3,0.93,19.5,19.5
20241107B01,最低落札価格（TSO別）[円/kW・30分],2.29,1.48,1.12,0,0.34,0.34,0.34,0.34,0.34,0.34
20241107B01,平均落札価格（TSO別）[円/kW・30分],4.77,2.32,3.22,0,0.34,2.14,0.77,0.68,3.81,2.49
20241107B01,落札量合計（TSO別）[MW],268,600.67,164.3,0,142,679,235,123,411.99,2623.96
20241107B01,（内訳）自エリアからの落札量[MW],268,600.67,164.3,0,142,609,235,108,411.99,2538.96
20241107B02,募集量（TSO別）[MW],217,487,1187,295,147,754,340,130,487,4044
20241107B02,応札量合計（電源属地別）[MW],388.3,600.67,412.1,0,147,624,318.249,113,334.99,2938.309
20241107B02,落札量合計（電源属地別）[MW],283,600.67,412.1,0,147,624,318.249,113,334.99,2833.009
20241107B02,応札件数（電源属地別）[件],4,4,3,0,2,4,6,3,3,29
20241107B02,落札件数（電源属地別）[件],3,4,3,0,2,4,6,3,3,28
20241107B02,最高落札価格（電源属地別）[円/kW・30分],6.03,19,3.47,0,10.15,5.87,2.42,1.57,19.5,19.5
20241107B02,最低落札価格（電源属地別）[円/kW・30分],2.8,1.64,1.12,0,0.34,0.34,0.34,0.34,0.34,0.34
20241107B02,平均落札価格（電源属地別）[円/kW・30分],4.81,2.49,3.04,0,6.35,2.5,1.64,1.3,4.09,3.05
20241107B02,最高落札価格（TSO別）[円/kW・30分],6.03,19,3.47,0,10.15,10.15,2.42,1.57,19.5,19.5
20241107B02,最低落札価格（TSO別）[円/kW・30分],2.8,1.64,1.12,0,0.34,0.34,0.34,0.34,0.34,0.34
20241107B02,平均落札価格（TSO別）[円/kW・30分],4.81,2.57,2.81,0,6.27,2.61,1.6,1.19,3.83,3.05
20241107B02,落札量合計（TSO別）[MW],283,417.67,595.1,0,144,639.249,281,113,359.99,2833.009
20241107B02,（内訳）自エリアからの落札量[MW],283,417.67,412.1,0,144,589,281,103,334.99,2564.76
20241107B03,募集量（TSO別）[MW],326,1014,1620,665,203,839,560,193,787,6207
20241107B03,応札量合計（電源属地別）[MW],395.29,600.67,1143.8,0,203,624,174.639,158,264.99,3564.389
20241107B03,落札量合計（電源属地別）[MW],351.29,600.67,1143.8,0,203,624,174.639,158,264.99,3520.389
20241107B03,応札件数（電源属地別）[件],5,4,7,0,2,4,5,4,2,33
20241107B03,落札件数（電源属地別）[件],5,4,7,0,2,4,5,4,2,33
20241107B03,最高落札価格（電源属地別）[円/kW・30分],19.51,19,4.98,0,9.73,6,2.39,1.45,19.5,19.51
20241107B03,最低落札価格（電源属地別）[円/kW・30分],1.96,1.83,1.12,0,0.34,0.34,0.35,0.34,4.66,0.34
20241107B03,平均落札価格（電源属地別）[円/kW・30分],7.11,2.71,3.43,0,4.5,2.54,1.19,1.12,4.77,3.47
20241107B03,最高落札価格（TSO別）[円/kW・30分],19.51,19,4.98,0,9.73,6,2.39,1.45,19.5,19.51
20241107B03,最低落札価格（TSO別）[円/kW・30分],1.96,1.83,1.12,0,0.34,0.34,0.34,0.34,0.34,0.34
20241107B03,平均落札価格（TSO別）[円/kW・30分],7.11,2.88,3.43,0,5.59,2.99,0.9,0.96,4.5,3.47
20241107B03,落札量合計（TSO別）[MW],351.29,770.67,973.8,0,161,517.8,305.691,158,282.138,3520.389
20241107B03,（内訳）自エリアからの落札量[MW],351.29,600.67,973.8,0,161,517.8,174.639,123,264.99,3167.189
20241107B04,募集量（TSO別）[MW],392,949,2429,877,301,1149,697,374,923,8091
20241107B04,応札量合計（電源属地別）[MW],290.29,600.67,1291.9,0,301,624,174.639,275,923,4480.499
20241107B04,落札量合計（電源属地別）[MW],288.3,600.67,1291.9,0,301,624,174.639,275,830,4385.509
20241107B04,応札件数（電源属地別）[件],5,4,6,0,3,4,5,6,6,39
20241107B04,落札件数（電源属地別）[件],4,4,6,0,3,4,5,6,6,38
20241107B04,最高落札価格（電源属地別）[円/kW・30分],17.88,19,3.47,0,9.48,8.38,1.73,1.57,9.03,19
20241107B04,最低落札価格（電源属地別）[円/kW・30分],1.36,3.13,1.12,0,0.38,0.34,0.34,0.34,0.34,0.34
20241107B04,平均落札価格（電源属地別）[円/kW・30分],6.9,4,3.33,0,3.3,3.39,0.91,1.24,4.6,3.68
20241107B04,最高落札価格（TSO別）[円/kW・30分],17.88,19,3.47,0,9.48,8.38,1.73,1.57,9.03,19
20241107B04,最低落札価格（TSO別）[円/kW・30分],1.36,3.13,1.12,0,0.38,0.34,0.34,0.34,0.34,0.34
20241107B04,平均落札価格（TSO別）[円/kW・30分],6.9,3.84,3.3,0,3.52,3.6,0.76,1.24,4.6,3.68
20241107B04,落札量合計（TSO別）[MW],288.3,877.67,1014.9,0,280,584.948,234.691,275,830,4385.509
20241107B04,（内訳）自エリアからの落札量[MW],288.3,600.67,1014.9,0,280,563.948,174.639,275,830,4027.457
20241107B05,募集量（TSO別）[MW],347,981,2233,760,251,1049,507,314,856,7298
20241107B05,応札量合計（電源属地別）[MW],280.3,590,1142.4,0,251,624,174.639,270,857.99,4190.329
20241107B05,落札量合計（電源属地別）[MW],280.3,590,1142.4,0,251,624,174.639,270,771.99,4104.329
20241107B05,応札件数（電源属地別）[件],4,3,6,0,2,4,5,6,7,37
20241107B05,落札件数（電源属地別）[件],4,3,6,0,2,4,5,6,7,37
20241107B05,最高落札価格（電源属地別）[円/kW・30分],15.28,3.03,4.98,0,9.32,9.23,1.36,2.54,19.5,19.5
20241107B05,最低落札価格（電源属地別）[円/kW・30分],2.31,0.86,3.47,0,0.58,0.34,0.34,0.34,0.34,0.34
20241107B05,平均落札価格（電源属地別）[円/kW・30分],6.5,2.22,3.59,0,3.71,3.72,0.76,1.88,5.36,3.72
20241107B05,最高落札価格（TSO別）[円/kW・30分],15.28,3.47,4.98,0,9.32,9.32,2.53,2.54,19.5,19.5
20241107B05,最低落札価格（TSO別）[円/kW・30分],2.31,0.86,3.47,0,0.58,0.34,0.34,0.34,0.34,0.34
20241107B05,平均落札価格（TSO別）[円/kW・30分],6.5,2.54,3.61,0,3.2,4.43,0.94,1.56,5.36,3.72
20241107B05,落札量合計（TSO別）[MW],280.3,789,943.4,0,230,561.948,248.691,279,771.99,4104.329
20241107B05,（内訳）自エリアからの落札量[MW],280.3,590,943.4,0,230,540.948,174.639,228,771.99,3759.277
20241107B06,募集量（TSO別）[MW],240,822,1349,474,164,867,442,244,726,5328
20241107B06,応札量合計（電源属地別）[MW],406.29,760,91.7,0,164,624,219.234,190,188.74,2643.964
20241107B06,落札量合計（電源属地別）[MW],296,760,91.7,0,164,624,219.234,190,188.74,2533.674
20241107B06,応札件数（電源属地別）[件],5,4,1,0,2,4,6,5,5,32
20241107B06,落札件数（電源属地別）[件],3,4,1,0,2,4,6,5,5,30
20241107B06,最高落札価格（電源属地別）[円/kW・30分],6.25,4.18,3.87,0,7.69,7.9,4.29,5.81,19.5,19.5
20241107B06,最低落札価格（電源属地別）[円/kW・30分],3.75,0.4,3.87,0,2.59,3.29,0.34,0.34,0.53,0.34
20241107B06,平均落札価格（電源属地別）[円/kW・30分],4.47,2.69,3.87,0,5.39,5.12,2.32,2.02,1.45,3.54
20241107B06,最高落札価格（TSO別）[円/kW・30分],6.25,4.18,3.87,0,7.69,7.9,5.81,5.81,19.5,19.5
20241107B06,最低落札価格（TSO別）[円/kW・30分],3.75,0.4,3.87,0,2.59,3.29,0.34,0.34,0.53,0.34
20241107B06,平均落札価格（TSO別）[円/kW・30分],4.47,2.69,3.87,0,5.44,5.5,2.56,2.04,1.74,3.54
20241107B06,落札量合計（TSO別）[MW],296,760,91.7,0,142,535.8,294.421,190.813,222.94,2533.674
20241107B06,（内訳）自エリアからの落札量[MW],296,760,91.7,0,142,525.2,219.234,146.813,188.74,2369.687
20241107B07,募集量（TSO別）[MW],241,560,1195,318,145,791,364,135,542,4291
20241107B07,応札量合計（電源属地別）[MW],402.29,600.67,94.7,0,145,624,362.844,126,107,2462.504
20241107B07,落札量合計（電源属地別）[MW],302,600.67,94.7,0,145,624,362.844,126,107,2362.214
20241107B07,応札件数（電源属地別）[件],5,4,1,0,2,4,7,4,2,29
20241107B07,落札件数（電源属地別）[件],4,4,1,0,2,4,7,4,2,28
20241107B07,最高落札価格（電源属地別）[円/kW・30分],5.74,19,4.21,0,8.78,7.8,4.01,3.51,0.92,19
20241107B07,最低落札価格（電源属地別）[円/kW・30分],2.95,0.34,4.21,0,1.24,1.72,0.34,0.34,0.34,0.34
20241107B07,平均落札価格（電源属地別）[円/kW・30分],4.53,2.84,4.21,0,5.92,4.12,2.65,2.68,0.5,3.49
20241107B07,最高落札価格（TSO別）[円/kW・30分],5.74,19,4.29,0,8.78,8.78,4.01,3.51,4.01,19
20241107B07,最低落札価格（TSO別）[円/kW・30分],2.95,0.34,4.04,0,1.24,1.72,0.34,0.34,0.34,0.34
20241107B07,平均落札価格（TSO別）[円/kW・30分],4.46,2.56,4.19,0,5.82,4.43,2.43,2.58,1.66,3.49
20241107B07,落札量合計（TSO別）[MW],282,481.67,233.7,0,140,570,313,126,215.844,2362.214
20241107B07,（内訳）自エリアからの落札量[MW],282,461.67,94.7,0,140,558,313,119,107,2075.37
20241107B08,募集量（TSO別）[MW],246,559,1391,329,152,788,351,142,566,4524
20241107B08,応札量合計（電源属地別）[MW],374.09,600.67,74.9,0,152,624,309.211,128,430,2692.871
20241107B08,落札量合計（電源属地別）[MW],310.1,600.67,74.9,0,152,624,309.211,128,430,2628.881
20241107B08,応札件数（電源属地別）[件],5,4,1,0,2,4,4,3,4,27
20241107B08,落札件数（電源属地別）[件],4,4,1,0,2,4,4,3,4,26
20241107B08,最高落札価格（電源属地別）[円/kW・30分],19.51,19,1.12,0,10.17,5.77,2.03,1.48,4.95,19.51
20241107B08,最低落札価格（電源属地別）[円/kW・30分],3.39,1.68,1.12,0,0.34,0.34,0.34,0.34,0.34,0.34
20241107B08,平均落札価格（電源属地別）[円/kW・30分],5.12,2.48,1.12,0,6.16,2.46,1.4,1.24,3.17,2.89
20241107B08,最高落札価格（TSO別）[円/kW・30分],19.51,19,1.12,0,10.17,10.17,2.03,1.48,4.95,19.51
20241107B08,最低落札価格（TSO別）[円/kW・30分],3.39,1.68,1.12,0,0.34,0.34,0.34,0.34,0.34,0.34
20241107B08,平均落札価格（TSO別）[円/kW・30分],5.12,2.48,1.12,0,5.66,2.69,1.4,1.14,3.17,2.89
20241107B08,落札量合計（TSO別）[MW],310.1,600.67,74.9,0,135,641,309.211,128,430,2628.881
20241107B08,（内訳）自エリアからの落札量[MW],310.1,600.67,74.9,0,135,612,309.211,116,430,2587.881
20241108B01,募集量（TSO別）[MW],220,504,1248,470,163,777,340,134,499,4355
20241108B01,応札量合計（電源属地別）[MW],343.99,600.67,164.3,0,163,624,309.211,123,499,2827.171
20241108B01,落札量合計（電源属地別）[MW],268,600.67,164.3,0,163,624,269,123,410,2621.97
20241108B01,応札件数（電源属地別）[件],4,4,2,0,2,4,4,3,4,27
20241108B01,落札件数（電源属地別）[件],3,4,2,0,2,4,4,3,4,26
20241108B01,最高落札価格（電源属地別）[円/kW・30分],6.46,19,4.98,0,10.63,5.22,1.34,0.93,5.63,19
20241108B01,最低落札価格（電源属地別）[円/kW・30分],2.71,1.91,1.12,0,0.34,0.34,0.34,0.34,0.34,0.34
20241108B01,平均落札価格（電源属地別）[円/kW・30分],4.91,3.74,3.22,0,6.02,2.25,0.86,0.75,3.73,3.18
20241108B01,最高落札価格（TSO別）[円/kW・30分],6.46,19,4.98,0,10.63,10.63,1.34,0.93,5.63,19
20241108B01,最低落札価格（TSO別）[円/kW・30分],2.71,1.91,1.12,0,0.34,0.34,0.34,0.34,0.34,0.34
20241108B01,平均落札価格（TSO別）[円/kW・30分],4.91,3.74,3.22,0,5.34,2.45,0.86,0.68,3.73,3.18
20241108B01,落札量合計（TSO別）[MW],268,600.67,164.3,0,142,679,235,123,410,2621.97
20241108B01,（内訳）自エリアからの落札量[MW],268,600.67,164.3,0,142,609,235,108,410,2536.97
20241108B02,募集量（TSO別）[MW],217,487,1202,424,147,754,340,130,487,4188
20241108B02,応札量合計（電源属地別）[MW],388.3,600.67,397.4,0,147,624,309.211,113,333,2912.581
20241108B02,落札量合計（電源属地別）[MW],283,600.67,397.4,0,147,624,309.211,113,333,2807.281
20241108B02,応札件数（電源属地別）[件],4,4,4,0,2,4,4,3,2,27
20241108B02,落札件数（電源属地別）[件],3,4,4,0,2,4,4,3,2,26
20241108B02,最高落札価格（電源属地別）[円/kW・30分],6.03,19,4.26,0,10.15,5.86,2.44,1.57,4.97,19
20241108B02,最低落札価格（電源属地別）[円/kW・30分],3.42,1.51,1.12,0,0.34,0.34,0.34,0.34,0.34,0.34
20241108B02,平均落札価格（電源属地別）[円/kW・30分],5,3.28,3.67,0,6.35,2.5,1.69,1.29,4,3.32
20241108B02,最高落札価格（TSO別）[円/kW・30分],6.03,19,4.38,4.26,10.15,10.15,2.44,1.57,4.97,19
20241108B02,最低落札価格（TSO別）[円/kW・30分],3.42,1.51,1.12,4.26,0.34,0.34,0.34,0.34,0.34,0.34
20241108B02,平均落札価格（TSO別）[円/kW・30分],5,3.72,3.2,4.26,6.27,2.63,1.66,1.18,3.67,3.32
20241108B02,落札量合計（TSO別）[MW],283,417.67,562.4,18,144,614.211,281,113,374,2807.281
20241108B02,（内訳）自エリアからの落札量[MW],283,417.67,379.4,0,144,589,281,103,333,2530.07
20241108B03,募集量（TSO別）[MW],326,1014,1635,1029,203,839,560,193,787,6586
20241108B03,応札量合計（電源属地別）[MW],395.29,600.67,624.3,0,203,624,309.211,158,263,3177.471
20241108B03,落札量合計（電源属地別）[MW],351.29,600.67,624.3,0,203,624,309.211,158,263,3133.471
20241108B03,応札件数（電源属地別）[件],5,4,5,0,3,4,4,4,1,30
20241108B03,落札件数（電源属地別）[件],5,4,5,0,3,4,4,4,1,30
20241108B03,最高落札価格（電源属地別）[円/kW・30分],19.51,19,4.98,0,9.73,5.9,2.89,1.62,4.66,19.51
20241108B03,最低落札価格（電源属地別）[円/kW・30分],1.96,2.68,1.12,0,1.08,0.34,0.34,0.34,4.66,0.34
20241108B03,平均落札価格（電源属地別）[円/kW・30分],7.11,4.71,3.99,0,4.91,2.51,2.01,1.23,4.66,3.97
20241108B03,最高落札価格（TSO別）[円/kW・30分],19.51,19,4.98,0,9.73,9.73,2.89,1.62,4.66,19.51
20241108B03,最低落札価格（TSO別）[円/kW・30分],1.96,2.68,1.12,0,1.08,0.34,0.34,0.34,0.34,0.34
20241108B03,平均落札価格（TSO別）[円/kW・30分],7.11,4.7,3.98,0,4.94,3.38,1.63,1.12,4.12,3.97
20241108B03,落札量合計（TSO別）[MW],351.29,618.67,606.3,0,150,517.8,431.161,158,300.25,3133.471
20241108B03,（内訳）自エリアからの落札量[MW],351.29,600.67,606.3,0,150,494.8,309.211,123,263,2898.271
20241108B04,募集量（TSO別）[MW],392,949,2446,1241,301,1149,697,374,923,8472
20241108B04,応札量合計（電源属地別）[MW],290.29,600.67,824.9,0,301,624,116.13,349,923,4028.99
20241108B04,落札量合計（電源属地別）[MW],288.3,600.67,824.9,0,301,624,116.13,349,830,3934
20241108B04,応札件数（電源属地別）[件],5,4,5,0,3,4,2,7,6,36
20241108B04,落札件数（電源属地別）[件],4,4,5,0,3,4,2,7,6,35
20241108B04,最高落札価格（電源属地別）[円/kW・30分],17.87,19,4.26,0,9.48,8.64,1.87,1.65,9.03,19
20241108B04,最低落札価格（電源属地別）[円/kW・30分],1.36,3.55,1.12,0,1.38,0.34,0.34,0.34,0.34,0.34
20241108B04,平均落札価格（電源属地別）[円/kW・30分],6.92,5.71,3.97,0,3.8,3.49,1.28,1.14,4.6,4.17
20241108B04,最高落札価格（TSO別）[円/kW・30分],17.87,19,4.26,0,9.48,9.48,1.87,1.65,9.03,19
20241108B04,最低落札価格（TSO別）[円/kW・30分],1.36,3.55,1.12,0,1.38,0.34,0.34,0.34,0.34,0.34
20241108B04,平均落札価格（TSO別）[円/kW・30分],6.92,5.43,3.91,0,3.61,4.61,1.11,0.96,4.6,4.17
20241108B04,落札量合計（TSO別）[MW],288.3,747.67,677.9,0,211,530.8,296.421,351.909,830,3934
20241108B04,（内訳）自エリアからの落札量[MW],288.3,600.67,677.9,0,211,494.8,116.13,294.909,830,3513.709
20241108B05,募集量（TSO別）[MW],347,981,2266,1124,251,1049,507,314,856,7695
20241108B05,応札量合計（電源属地別）[MW],280.3,600.67,476.9,0,251,624,125.889,270,857.99,3486.749
20241108B05,落札量合計（電源属地別）[MW],280.3,600.67,476.9,0,251,624,125.889,270,771.99,3400.749
20241108B05,応札件数（電源属地別）[件],4,4,3,0,3,4,3,6,7,34
20241108B05,落札件数（電源属地別）[件],4,4,3,0,3,4,3,6,7,34
20241108B05,最高落札価格（電源属地別）[円/kW・30分],15.28,19,4.98,0,9.32,9.19,0.34,3.23,19.5,19.5
20241108B05,最低落札価格（電源属地別）[円/kW・30分],2.31,0.89,4.26,0,1.58,0.34,0.34,0.34,0.34,0.34
20241108B05,平均落札価格（電源属地別）[円/kW・30分],6.65,3.93,4.39,0,4.36,3.7,0.34,1.68,5.36,4.22
20241108B05,最高落札価格（TSO別）[円/kW・30分],15.28,19,4.98,0,9.32,9.19,9.32,3.23,19.5,19.5
20241108B05,最低落札価格（TSO別）[円/kW・30分],2.31,0.89,4.26,0,1.58,0.34,0.34,0.34,0.34,0.34
20241108B05,平均落札価格（TSO別）[円/kW・30分],6.65,3.93,4.39,0,4.48,4.24,1.09,1.63,5.36,4.22
20241108B05,落札量合計（TSO別）[MW],280.3,600.67,476.9,0,188,548.8,259.064,275.025,771.99,3400.749
20241108B05,（内訳）自エリアからの落札量[MW],280.3,600.67,476.9,0,188,516.4,125.889,226.025,771.99,3186.174
20241108B06,募集量（TSO別）[MW],240,822,1382,695,164,867,442,244,726,5582
20241108B06,応札量合計（電源属地別）[MW],406.29,770.67,91.7,0,164,624,125.889,190,186.99,2559.539
20241108B06,落札量合計（電源属地別）[MW],296,770.67,91.7,0,164,624,125.889,190,186.99,2449.249
20241108B06,応札件数（電源属地別）[件],5,5,1,0,2,4,3,5,4,29
20241108B06,落札件数（電源属地別）[件],3,5,1,0,2,4,3,5,4,27
20241108B06,最高落札価格（電源属地別）[円/kW・30分],6.53,19,4.34,0,7.69,7.75,1.69,6.77,19.5,19.5
20241108B06,最低落札価格（電源属地別）[円/kW・30分],3.75,0.98,4.34,0,2.59,3.29,0.34,0.34,0.53,0.34
20241108B06,平均落札価格（電源属地別）[円/kW・30分],4.55,3.37,4.34,0,5.39,5.06,1.21,2.16,1.43,3.76
20241108B06,最高落札価格（TSO別）[円/kW・30分],6.53,19,4.34,0,7.69,7.75,6.77,6.77,19.5,19.5
20241108B06,最低落札価格（TSO別）[円/kW・30分],3.75,0.98,4.34,0,2.59,3.29,0.34,0.34,0.53,0.34
20241108B06,平均落札価格（TSO別）[円/kW・30分],4.55,3.37,4.34,0,5.82,5.35,2.53,1.65,1.43,3.76
20241108B06,落札量合計（TSO別）[MW],296,770.67,91.7,0,142,535.8,236.089,190,186.99,2449.249
20241108B06,（内訳）自エリアからの落札量[MW],296,770.67,91.7,0,142,535.8,125.889,162,186.99,2311.049
20241108B07,募集量（TSO別）[MW],241,560,1228,466,145,791,364,135,542,4472
20241108B07,応札量合計（電源属地別）[MW],402.29,600.67,94.7,0,145,624,296.439,126,108.99,2398.089
20241108B07,落札量合計（電源属地別）[MW],302,600.67,94.7,0,145,624,296.439,126,108.99,2297.799
20241108B07,応札件数（電源属地別）[件],5,4,1,0,2,4,4,3,3,26
20241108B07,落札件数（電源属地別）[件],4,4,1,0,2,4,4,3,3,25
20241108B07,最高落札価格（電源属地別）[円/kW・30分],6.25,19,4.25,0,8.78,7.33,3.67,2.75,19.5,19.5
20241108B07,最低落札価格（電源属地別）[円/kW・30分],2.95,1.52,4.25,0,1.24,1.72,0.87,0.34,0.34,0.34
20241108B07,平均落札価格（電源属地別）[円/kW・30分],4.68,3.23,4.25,0,5.92,3.94,2.79,1.2,0.84,3.54
20241108B07,最高落札価格（TSO別）[円/kW・30分],6.25,19,4.25,0,8.78,8.78,3.67,2.75,19.5,19.5
20241108B07,最低落札価格（TSO別）[円/kW・30分],2.95,1.52,3.86,0,1.24,1.72,0.87,0.34,0.34,0.34
20241108B07,平均落札価格（TSO別）[円/kW・30分],4.59,3.16,4.02,0,5.82,4.22,2.79,1.15,1.15,3.54
20241108B07,落札量合計（TSO別）[MW],282,481.67,233.7,0,140,570,296.439,126,167.99,2297.799
20241108B07,（内訳）自エリアからの落札量[MW],282,463.67,94.7,0,140,558,296.439,119,108.99,2062.799
20241108B08,募集量（TSO別）[MW],246,559,1451,460,152,788,351,142,566,4715
20241108B08,応札量合計（電源属地別）[MW],374.09,600.67,74.9,0,152,624,341.034,128,431.99,2726.684
20241108B08,落札量合計（電源属地別）[MW],310.1,600.67,74.9,0,152,624,341.034,128,431.99,2662.694
20241108B08,応札件数（電源属地別）[件],5,4,1,0,2,4,5,3,5,29
20241108B08,落札件数（電源属地別）[件],4,4,1,0,2,4,5,3,5,28
20241108B08,最高落札価格（電源属地別）[円/kW・30分],19.51,19,1.12,0,10.17,5.65,1.89,1.36,19.5,19.51
20241108B08,最低落札価格（電源属地別）[円/kW・30分],3.97,1.64,1.12,0,0.34,0.34,0.34,0.34,0.34,0.34
20241108B08,平均落札価格（電源属地別）[円/kW・30分],5.28,2.98,1.12,0,6.16,2.42,1.22,1.14,3.25,2.97
20241108B08,最高落札価格（TSO別）[円/kW・30分],19.51,19,1.12,0,10.17,10.17,1.89,1.36,19.5,19.51
20241108B08,最低落札価格（TSO別）[円/kW・30分],3.97,1.64,1.12,0,0.34,0.34,0.34,0.34,0.34,0.34
20241108B08,平均落札価格（TSO別）[円/kW・30分],5.28,2.98,1.12,0,5.66,2.64,1.2,1.04,3.16,2.97
20241108B08,落札量合計（TSO別）[MW],310.1,600.67,74.9,0,135,641,321,128,452.024,2662.694
20241108B08,（内訳）自エリアからの落札量[MW],310.1,600.67,74.9,0,135,612,321,116,431.99,2601.66
E
